Ratio_PSA,SMILES_PSA,Ratio_PI,SMILES_PI,Td5
1.0,C#CCOc1cccc(OCC#C[Si](C)(C)C#CCOc2cccc(OCC#C)c2)c1,0.0,C#CCOc1cccc(OCC#C[Si](C)(C)C#CCOc2cccc(OCC#C)c2)c1,438.0
1.0,O=C1c2ccc(C#Cc3ccccc3)cc2C(=O)N1c1ccc(Oc2ccc(N3C(=O)c4ccc(Oc5ccc(Oc6ccc7c(c6)C(=O)N(c6ccc(Oc8ccc(N9C(=O)c%10ccc(C#Cc%11ccccc%11)cc%10C9=O)cc8)cc6)C7=O)cc5)cc4C3=O)cc2)cc1,0.0,O=C1c2ccc(C#Cc3ccccc3)cc2C(=O)N1c1ccc(Oc2ccc(N3C(=O)c4ccc(Oc5ccc(Oc6ccc7c(c6)C(=O)N(c6ccc(Oc8ccc(N9C(=O)c%10ccc(C#Cc%11ccccc%11)cc%10C9=O)cc8)cc6)C7=O)cc5)cc4C3=O)cc2)cc1,540.0
1.0,C6=CC(C#C)=CC(N5COC4=CC=C(C(C1=CC3=C(C=C1)OCN(C2=CC=CC(C#C)=C2)C3)(C)C)C=C4C5)=C6,0.0,C6=CC(C#C)=CC(N5COC4=CC=C(C(C1=CC3=C(C=C1)OCN(C2=CC=CC(C#C)=C2)C3)(C)C)C=C4C5)=C6,365.0
1.0,O=C1c2ccc(C#Cc3ccccc3)cc2C(=O)N1c1ccc(Oc2ccc(N3C(=O)c4cccc(Oc5ccc(Oc6cccc7c6C(=O)N(c6ccc(Oc8ccc(N9C(=O)c%10ccc(C#Cc%11ccccc%11)cc%10C9=O)cc8)cc6)C7=O)cc5)c4C3=O)cc2)cc1,0.0,O=C1c2ccc(C#Cc3ccccc3)cc2C(=O)N1c1ccc(Oc2ccc(N3C(=O)c4cccc(Oc5ccc(Oc6cccc7c6C(=O)N(c6ccc(Oc8ccc(N9C(=O)c%10ccc(C#Cc%11ccccc%11)cc%10C9=O)cc8)cc6)C7=O)cc5)c4C3=O)cc2)cc1,521.0
1.0,C#Cc1cccc(N2COc3ccc(C(C)(C)c4ccc5c(c4)CN(c4cccc(C#C)c4)CO5)cc3C2)c1,0.0,C#Cc1cccc(N2COc3ccc(C(C)(C)c4ccc5c(c4)CN(c4cccc(C#C)c4)CO5)cc3C2)c1,458.0
1.0,C#Cc1cccc(C#C[Si](C)(C)C#Cc2cccc(C#C)c2)c1,0.0,C#Cc1cccc(C#C[Si](C)(C)C#Cc2cccc(C#C)c2)c1,612.0
1.0,O=C1c2ccc(C#Cc3ccccc3)cc2C(=O)N1c1ccc(Oc2cccc(N3C(=O)c4ccc(-c5ccc6c(c5)C(=O)N(c5ccc(Oc7cccc(N8C(=O)c9ccc(C#Cc%10ccccc%10)cc9C8=O)c7)cc5)C6=O)cc4C3=O)c2)cc1,0.0,O=C1c2ccc(C#Cc3ccccc3)cc2C(=O)N1c1ccc(Oc2cccc(N3C(=O)c4ccc(-c5ccc6c(c5)C(=O)N(c5ccc(Oc7cccc(N8C(=O)c9ccc(C#Cc%10ccccc%10)cc9C8=O)c7)cc5)C6=O)cc4C3=O)c2)cc1,493.0
1.0,C#CC1=CC=CC(C#C[SiH](C#CC2=CC(C#C)=CC=C2)C3=CC=CC=C3)=C1,0.0,C#CC1=CC=CC(C#C[SiH](C#CC2=CC(C#C)=CC=C2)C3=CC=CC=C3)=C1,755.0
1.0,O=C1c2ccc(Oc3ccc4c(c3)C(=O)N(c3ccc(Oc5ccc(Oc6ccc(N7C(=O)c8cccc9c(C#Cc%10ccccc%10)ccc(c89)C7=O)cc6C(F)(F)F)cc5-c5cccc(C(F)(F)F)c5)c(C(F)(F)F)c3)C4=O)cc2C(=O)N1c1ccc(Oc2ccc(Oc3ccc(N4C(=O)c5cccc6c(C#Cc7ccccc7)ccc(c56)C4=O)cc3C(F)(F)F)c(-c3cccc(C(F)(F)F)c3)c2)c(C(F)(F)F)c1,0.0,O=C1c2ccc(Oc3ccc4c(c3)C(=O)N(c3ccc(Oc5ccc(Oc6ccc(N7C(=O)c8cccc9c(C#Cc%10ccccc%10)ccc(c89)C7=O)cc6C(F)(F)F)cc5-c5cccc(C(F)(F)F)c5)c(C(F)(F)F)c3)C4=O)cc2C(=O)N1c1ccc(Oc2ccc(Oc3ccc(N4C(=O)c5cccc6c(C#Cc7ccccc7)ccc(c56)C4=O)cc3C(F)(F)F)c(-c3cccc(C(F)(F)F)c3)c2)c(C(F)(F)F)c1,576.0
1.0,O=C1c2ccc(-c3ccc4c(c3)C(=O)N(c3ccc(Oc5ccc(Oc6ccc(N7C(=O)c8cccc9c(C#Cc%10ccccc%10)ccc(c89)C7=O)cc6)cc5-c5ccccc5)cc3)C4=O)cc2C(=O)N1c1ccc(Oc2ccc(Oc3ccc(N4C(=O)c5cccc6c(C#Cc7ccccc7)ccc(c56)C4=O)cc3)cc2-c2ccccc2)cc1,0.0,O=C1c2ccc(-c3ccc4c(c3)C(=O)N(c3ccc(Oc5ccc(Oc6ccc(N7C(=O)c8cccc9c(C#Cc%10ccccc%10)ccc(c89)C7=O)cc6)cc5-c5ccccc5)cc3)C4=O)cc2C(=O)N1c1ccc(Oc2ccc(Oc3ccc(N4C(=O)c5cccc6c(C#Cc7ccccc7)ccc(c56)C4=O)cc3)cc2-c2ccccc2)cc1,548.0
1.0,C#Cc1cccc(N2COc3ccc(C(C)(C)c4cccc(C(C)(C)c5ccc6c(c5)CN(c5cccc(C#C)c5)CO6)c4)cc3C2)c1,0.0,C#Cc1cccc(N2COc3ccc(C(C)(C)c4cccc(C(C)(C)c5ccc6c(c5)CN(c5cccc(C#C)c5)CO6)c4)cc3C2)c1,371.0
1.0,C#Cc1ccc(C#C[Si](C)(C)O[Si](C)(C)O[Si](C)(C)O[Si](C)(C)O[Si](C)(C)O[Si](C)(C)C#Cc2ccc(C#C)cc2)cc1,0.0,C#Cc1ccc(C#C[Si](C)(C)O[Si](C)(C)O[Si](C)(C)O[Si](C)(C)O[Si](C)(C)O[Si](C)(C)C#Cc2ccc(C#C)cc2)cc1,489.0
0.9,C#Cc1cccc(C#C[Si](C)(C#Cc2cccc(C#C)c2)C=C)c1,0.1,C#CC1=CC=CC(N2C(C(C=CC(OC3=CC=CC(C(N4C5=CC=C(OC6=CC(OC7=CC=C(N8C(C(C(OC9=CC=C(C(N(C%10=CC=CC(C#C)=C%10)C%11=O)=O)C%11=C9)=CC=C%12)=C%12C8=O)=O)C=C7)=CC=C6)C=C5)=O)=C3C4=O)=C%13)=C%13C2=O)=O)=C1,601.9
1.0,O=C1c2ccc(C#Cc3ccccc3)cc2C(=O)N1c1ccc(N2C(=O)c3ccc(C(c4ccc5c(c4)C(=O)N(c4ccc(N6C(=O)c7ccc(C#Cc8ccccc8)cc7C6=O)cc4)C5=O)(C(F)(F)F)C(F)(F)F)cc3C2=O)cc1,0.0,O=C1c2ccc(C#Cc3ccccc3)cc2C(=O)N1c1ccc(N2C(=O)c3ccc(C(c4ccc5c(c4)C(=O)N(c4ccc(N6C(=O)c7ccc(C#Cc8ccccc8)cc7C6=O)cc4)C5=O)(C(F)(F)F)C(F)(F)F)cc3C2=O)cc1,527.4
1.0,C#Cc1cccc(C#C[Si](C)(C)O[Si](C)(C)C#Cc2cccc(C#C)c2)c1,0.0,C#Cc1cccc(C#C[Si](C)(C)O[Si](C)(C)C#Cc2cccc(C#C)c2)c1,446.0
1.0,C#Cc1cccc(N[SiH](C)Nc2cccc(C#C)c2)c1,0.0,C#Cc1cccc(N[SiH](C)Nc2cccc(C#C)c2)c1,632.4
1.0,O=C(c1ccc(-c2ccc(N3C(=O)c4ccc(C#Cc5ccccc5)cc4C3=O)cc2)cc1)c1cc(C(=O)c2ccc(-c3ccc(N4C(=O)c5ccc(C#Cc6ccccc6)cc5C4=O)cc3)cc2)cc(C(=O)c2ccc(-c3ccc(N4C(=O)c5ccc(C#Cc6ccccc6)cc5C4=O)cc3)cc2)c1,0.0,O=C(c1ccc(-c2ccc(N3C(=O)c4ccc(C#Cc5ccccc5)cc4C3=O)cc2)cc1)c1cc(C(=O)c2ccc(-c3ccc(N4C(=O)c5ccc(C#Cc6ccccc6)cc5C4=O)cc3)cc2)cc(C(=O)c2ccc(-c3ccc(N4C(=O)c5ccc(C#Cc6ccccc6)cc5C4=O)cc3)cc2)c1,547.0
1.0,C#CCOc1ccc(C(C)(C)c2ccc(OCC#C[Si](C)(C)C#CCOc3ccc(C(C)(C)c4ccc(OCC#C)cc4)cc3)cc2)cc1,0.0,C#CCOc1ccc(C(C)(C)c2ccc(OCC#C[Si](C)(C)C#CCOc3ccc(C(C)(C)c4ccc(OCC#C)cc4)cc3)cc2)cc1,422.0
0.8,C#CC1=CC=CC(C#C[Si](C=C)(C#CC2=CC=CC(C#C)=C2)C)=C1,0.2,C#Cc1cccc(N2C(=O)c3ccc(-c4cccc5c4C(=O)N(c4ccc(Oc6cccc(N7C(=O)c8ccc(-c9cccc%10c9C(=O)N(c9cccc(C#C)c9)C%10=O)cc8C7=O)c6)cc4)C5=O)cc3C2=O)c1,613.0
1.0,C#C[Si](C#CB(F)F)(c1ccccc1)c1ccccc1,0.0,C#C[Si](C#CB(F)F)(c1ccccc1)c1ccccc1,595.0
1.0,C#Cc1cccc(C#C[Si](C)(C)C#Cc2cccc(C#C)c2)c1,0.0,C#Cc1cccc(C#C[Si](C)(C)C#Cc2cccc(C#C)c2)c1,640.0
1.0,O=C1c2ccc(C#Cc3ccccc3)cc2C(=O)N1c1ccc2c(c1)-c1ccccc1-2,0.0,O=C1c2ccc(C#Cc3ccccc3)cc2C(=O)N1c1ccc2c(c1)-c1ccccc1-2,587.0
1.0,C[Si](C)(C#CB(F)F)C#CB(F)F,0.0,C[Si](C)(C#CB(F)F)C#CB(F)F,485.0
1.0,C#Cc1cccc(N2COc3c(cc(/C=C/C)cc3OC)C2)c1,0.0,C#Cc1cccc(N2COc3c(cc(/C=C/C)cc3OC)C2)c1,395.0
1.0,C(#C[Si](OB(O[Si](C#Cc1ccccc1)(c1ccccc1)c1ccccc1)c1ccccc1)(c1ccccc1)c1ccccc1)c1ccccc1,0.0,C(#C[Si](OB(O[Si](C#Cc1ccccc1)(c1ccccc1)c1ccccc1)c1ccccc1)(c1ccccc1)c1ccccc1)c1ccccc1,625.0
1.0,O=C1c2ccc(C(c3ccc4c(c3)C(=O)N(c3ccc(Oc5ccc(Oc6ccc(N7C(=O)c8cccc9c(C#Cc%10ccccc%10)ccc(c89)C7=O)cc6C(F)(F)F)cc5-c5cccc(C(F)(F)F)c5)c(C(F)(F)F)c3)C4=O)(C(F)(F)F)C(F)(F)F)cc2C(=O)N1c1ccc(Oc2ccc(Oc3ccc(N4C(=O)c5cccc6c(C#Cc7ccccc7)ccc(c56)C4=O)cc3C(F)(F)F)c(-c3cccc(C(F)(F)F)c3)c2)c(C(F)(F)F)c1,0.0,O=C1c2ccc(C(c3ccc4c(c3)C(=O)N(c3ccc(Oc5ccc(Oc6ccc(N7C(=O)c8cccc9c(C#Cc%10ccccc%10)ccc(c89)C7=O)cc6C(F)(F)F)cc5-c5cccc(C(F)(F)F)c5)c(C(F)(F)F)c3)C4=O)(C(F)(F)F)C(F)(F)F)cc2C(=O)N1c1ccc(Oc2ccc(Oc3ccc(N4C(=O)c5cccc6c(C#Cc7ccccc7)ccc(c56)C4=O)cc3C(F)(F)F)c(-c3cccc(C(F)(F)F)c3)c2)c(C(F)(F)F)c1,546.0
1.0,C#Cc1cccc(N2COc3ccccc3C2)c1,0.0,C#Cc1cccc(N2COc3ccccc3C2)c1,384.0
0.65,C#Cc1cccc(C#C[Si](C)(C#Cc2cccc(C#C)c2)C=C)c1,0.35,O=C1N(C2=CC(OC3=CC=C(N4C(C(C=CC(OC5=CC=CC(C(N6C7=CC(OC8=CC=C(N9C(C(C=CC(OC%10=CC=CC(C(N%11C%12=CC(C#C)=CC=C%12)=O)=C%10C%11=O)=C%13)=C%13C9=O)=O)C=C8)=CC=C7)=O)=C5C6=O)=C%14)=C%14C4=O)=O)C=C3)=CC=C2)C(C%15=CC=C(OC%16=CC=CC%17=C%16C(N(C%18=CC=CC(C#C)=C%18)C%17=O)=O)C=C%151)=O,549.0
1.0,C#CC1=CC=C(C2=NC3=C(C=CC(S(C4=CC(N=C(C5=CC=C(C#C)C=C5)O6)=C6C=C4)(=O)=O)=C3)O2)C=C1,0.0,C#CC1=CC=C(C2=NC3=C(C=CC(S(C4=CC(N=C(C5=CC=C(C#C)C=C5)O6)=C6C=C4)(=O)=O)=C3)O2)C=C1,535.0
0.0,C#Cc1cccc(C#C[Si](C)(C#Cc2cccc(C#C)c2)C=C)c1,1.0,O=C1N(C2=CC(OC3=CC=C(N4C(C(C=CC(OC5=CC=CC(C(N6C7=CC(OC8=CC=C(N9C(C(C=CC(OC%10=CC=CC(C(N%11C%12=CC(C#C)=CC=C%12)=O)=C%10C%11=O)=C%13)=C%13C9=O)=O)C=C8)=CC=C7)=O)=C5C6=O)=C%14)=C%14C4=O)=O)C=C3)=CC=C2)C(C%15=CC=C(OC%16=CC=CC%17=C%16C(N(C%18=CC=CC(C#C)=C%18)C%17=O)=O)C=C%151)=O,522.0
1.0,BB(B)B(B(B)[B][C])C(B(B)B)([SiH](C)C#Cc1ccccc1)[SiH](C)C#Cc1ccccc1,0.0,BB(B)B(B(B)[B][C])C(B(B)B)([SiH](C)C#Cc1ccccc1)[SiH](C)C#Cc1ccccc1,762.0
1.0,O=C1c2ccc(C#Cc3ccccc3)cc2C(=O)N1c1ccc(-c2ccc(N3C(=O)c4ccc(Oc5cccc6c5C(=O)N(c5ccc(-c7ccc(N8C(=O)c9ccc(C#Cc%10ccccc%10)cc9C8=O)cc7C(F)(F)F)c(C(F)(F)F)c5)C6=O)cc4C3=O)cc2C(F)(F)F)c(C(F)(F)F)c1,0.0,O=C1c2ccc(C#Cc3ccccc3)cc2C(=O)N1c1ccc(-c2ccc(N3C(=O)c4ccc(Oc5cccc6c5C(=O)N(c5ccc(-c7ccc(N8C(=O)c9ccc(C#Cc%10ccccc%10)cc9C8=O)cc7C(F)(F)F)c(C(F)(F)F)c5)C6=O)cc4C3=O)cc2C(F)(F)F)c(C(F)(F)F)c1,545.0
1.0,C#CCOc1ccc(N2COc3ccccc3C2)cc1,0.0,C#CCOc1ccc(N2COc3ccccc3C2)cc1,348.0
1.0,C#C[SiH](C)C#CB(C#C[SiH](C)C#C)c1ccccc1,0.0,C#C[SiH](C)C#CB(C#C[SiH](C)C#C)c1ccccc1,650.0
1.0,C#Cc1cccc(C#C[Si](C)(C)C#Cc2cccc(C#C)c2)c1,0.0,C#Cc1cccc(C#C[Si](C)(C)C#Cc2cccc(C#C)c2)c1,593.0
1.0,O=C1c2ccc(-c3ccc4c(c3)C(=O)N(c3cccc(Oc5ccc(N6C(=O)c7cccc8c(C#Cc9ccccc9)ccc(c78)C6=O)cc5)c3)C4=O)cc2C(=O)N1c1ccc(Oc2cccc(N3C(=O)c4cccc5c(C#Cc6ccccc6)ccc(c45)C3=O)c2)cc1,0.0,O=C1c2ccc(-c3ccc4c(c3)C(=O)N(c3cccc(Oc5ccc(N6C(=O)c7cccc8c(C#Cc9ccccc9)ccc(c78)C6=O)cc5)c3)C4=O)cc2C(=O)N1c1ccc(Oc2cccc(N3C(=O)c4cccc5c(C#Cc6ccccc6)ccc(c45)C3=O)c2)cc1,532.0
1.0,C[SiH](C#Cc1ccccc1)C#Cc1ccccc1,0.0,C[SiH](C#Cc1ccccc1)C#Cc1ccccc1,679.0
1.0,O=C1c2ccc(C#Cc3ccccc3)cc2C(=O)N1c1ccc(-c2ccc(N3C(=O)c4cccc(Oc5ccc(Oc6cccc7c6C(=O)N(c6ccc(-c8ccc(N9C(=O)c%10ccc(C#Cc%11ccccc%11)cc%10C9=O)cc8C(F)(F)F)c(C(F)(F)F)c6)C7=O)cc5)c4C3=O)cc2C(F)(F)F)c(C(F)(F)F)c1,0.0,O=C1c2ccc(C#Cc3ccccc3)cc2C(=O)N1c1ccc(-c2ccc(N3C(=O)c4cccc(Oc5ccc(Oc6cccc7c6C(=O)N(c6ccc(-c8ccc(N9C(=O)c%10ccc(C#Cc%11ccccc%11)cc%10C9=O)cc8C(F)(F)F)c(C(F)(F)F)c6)C7=O)cc5)c4C3=O)cc2C(F)(F)F)c(C(F)(F)F)c1,537.0
1.0,C#Cc1ccc(C#C[Si](C)(C)O[Si](C)(C)O[Si](C)(C)O[Si](C)(C)O[Si](C)(C)C#Cc2ccc(C#C)cc2)cc1,0.0,C#Cc1ccc(C#C[Si](C)(C)O[Si](C)(C)O[Si](C)(C)O[Si](C)(C)O[Si](C)(C)C#Cc2ccc(C#C)cc2)cc1,495.0
1.0,C#CC1=CC=C(OC2=C(C3=CC=CC=C3)C=C(C4N=NC(C5=CC=C(OC6=CC=C(C#C[Si](C)(C#CC(C=C7)=CC=C7OC(C=C8)=C(C9=CC=CC=C9)C=C8C(O%10)N=NC%10C(C=C%11C%12=CC=CC=C%12)=CC=C%11OC%13=CC=C(C#C)C=C%13)C)C=C6)C(C%14=CC=CC=C%14)=C5)O4)C=C2)C=C1,0.0,C#CC1=CC=C(OC2=C(C3=CC=CC=C3)C=C(C4N=NC(C5=CC=C(OC6=CC=C(C#C[Si](C)(C#CC(C=C7)=CC=C7OC(C=C8)=C(C9=CC=CC=C9)C=C8C(O%10)N=NC%10C(C=C%11C%12=CC=CC=C%12)=CC=C%11OC%13=CC=C(C#C)C=C%13)C)C=C6)C(C%14=CC=CC=C%14)=C5)O4)C=C2)C=C1,466.0
1.0,ClC#Cc1cccc(C#C[Si](Cl)(c2ccccc2)c2ccccc2)c1,0.0,ClC#Cc1cccc(C#C[Si](Cl)(c2ccccc2)c2ccccc2)c1,563.0
1.0,C#Cc1ccc(S(=O)(=O)c2cccc(Oc3ccc(C(C)(C)c4ccc(Oc5ccc(S(=O)(=O)c6ccc(Oc7ccc(C(C)(C)c8ccc(Oc9cccc(S(=O)(=O)c%10ccc(C#C)cc%10)c9)cc8)cc7)cc6)cc5)cc4)cc3)c2)cc1,0.0,C#Cc1ccc(S(=O)(=O)c2cccc(Oc3ccc(C(C)(C)c4ccc(Oc5ccc(S(=O)(=O)c6ccc(Oc7ccc(C(C)(C)c8ccc(Oc9cccc(S(=O)(=O)c%10ccc(C#C)cc%10)c9)cc8)cc7)cc6)cc5)cc4)cc3)c2)cc1,480.0
1.0,C#CC1=CC=CC(C#C[SiH](C)C#CC2=CC=CC(C#C)=C2)=C1,0.0,C#CC1=CC=CC(C#C[SiH](C)C#CC2=CC=CC(C#C)=C2)=C1,620.0
1.0,O=C1O/C(=N\c2ccc(-c3ccc(/N=C4\OC(=O)c5cc(-c6cccc7c6C(=O)O/C7=N\c6ccc(-c7ccc(/N=C8\OC(=O)c9ccc(C#Cc%10ccccc%10)cc98)cc7C(F)(F)F)c(C(F)(F)F)c6)ccc54)cc3C(F)(F)F)c(C(F)(F)F)c2)c2ccc(C#Cc3ccccc3)cc21,0.0,O=C1O/C(=N\c2ccc(-c3ccc(/N=C4\OC(=O)c5cc(-c6cccc7c6C(=O)O/C7=N\c6ccc(-c7ccc(/N=C8\OC(=O)c9ccc(C#Cc%10ccccc%10)cc98)cc7C(F)(F)F)c(C(F)(F)F)c6)ccc54)cc3C(F)(F)F)c(C(F)(F)F)c2)c2ccc(C#Cc3ccccc3)cc21,580.0
0.9,C#Cc1cccc(C#C[Si](C)(C#Cc2cccc(C#C)c2)C=C)c1,0.1,O=C1N(C2=CC=C(OC3=CC(OC4=CC=C(N5C(C(C=C(OC6=CC=C(C(C)(C)C7=CC=C(OC8=CC(C(N(C9=CC(C#C)=CC=C9)C%10=O)=O)=C%10C=C8)C=C7)C=C6)C=C%11)=C%11C5=O)=O)C=C4)=CC=C3)C=C2)C(C%12=C1C=C(OC%13=CC=C(C(C)(C)C%14=CC=C(OC%15=CC=C(C(N(C%16=CC=CC(C#C)=C%16)C%17=O)=O)C%17=C%15)C=C%14)C=C%13)C=C%12)=O,594.7
1.0,C#Cc1cccc(C#C[SiH](C)C#Cc2cc(C#C[SiH](C)C#Cc3cccc(C#C)c3)cc(C#C[SiH](C)C#Cc3cccc(C#C)c3)c2)c1,0.0,C#Cc1cccc(C#C[SiH](C)C#Cc2cc(C#C[SiH](C)C#Cc3cccc(C#C)c3)cc(C#C[SiH](C)C#Cc3cccc(C#C)c3)c2)c1,715.0
1.0,C#CC1=CC=CC(N2COC3=CC=CC=C3C2)=C1,0.0,C#CC1=CC=CC(N2COC3=CC=CC=C3C2)=C1,491.0
1.0,O=C1c2ccc(C#Cc3ccccc3)cc2C(=O)N1c1cccc(Oc2ccc(N3C(=O)c4ccc(Oc5cccc6c5C(=O)N(c5ccc(Oc7cccc(N8C(=O)c9ccc(C#Cc%10ccccc%10)cc9C8=O)c7)cc5)C6=O)cc4C3=O)cc2)c1,0.0,O=C1c2ccc(C#Cc3ccccc3)cc2C(=O)N1c1cccc(Oc2ccc(N3C(=O)c4ccc(Oc5cccc6c5C(=O)N(c5ccc(Oc7cccc(N8C(=O)c9ccc(C#Cc%10ccccc%10)cc9C8=O)c7)cc5)C6=O)cc4C3=O)cc2)c1,555.0
0.8,C#Cc1cccc(C#C[Si](C)(C#Cc2cccc(C#C)c2)C=C)c1,0.2,O=C1N(C2=CC(OC3=CC=C(N4C(C(C=CC(OC5=CC=CC(C(N6C7=CC(OC8=CC=C(N9C(C(C=CC(OC%10=CC=CC(C(N%11C%12=CC(C#C)=CC=C%12)=O)=C%10C%11=O)=C%13)=C%13C9=O)=O)C=C8)=CC=C7)=O)=C5C6=O)=C%14)=C%14C4=O)=O)C=C3)=CC=C2)C(C%15=CC=C(OC%16=CC=CC%17=C%16C(N(C%18=CC=CC(C#C)=C%18)C%17=O)=O)C=C%151)=O,589.0
1.0,C#Cc1cccc(N2COc3ccccc3C2)c1.C#Cc1cccc(N2COc3ccccc3C2)c1.CCc1ccc(C)cc1.CCc1ccc(CC)cc1.Oc1ccccc1,0.0,C#Cc1cccc(N2COc3ccccc3C2)c1.C#Cc1cccc(N2COc3ccccc3C2)c1.CCc1ccc(C)cc1.CCc1ccc(CC)cc1.Oc1ccccc1,424.3
1.0,C#Cc1ccc(C(=C(c2ccccc2)c2ccc(C(=CC(F)(F)C(F)(F)C(F)(F)C(F)(F)/C=C(/c3ccc(C(=C(c4ccccc4)c4ccc(C#C)cc4)c4ccccc4)cc3)c3ccc4ccccc4c3)c3ccc4ccccc4c3)cc2)c2ccccc2)cc1,0.0,C#Cc1ccc(C(=C(c2ccccc2)c2ccc(C(=CC(F)(F)C(F)(F)C(F)(F)C(F)(F)/C=C(/c3ccc(C(=C(c4ccccc4)c4ccc(C#C)cc4)c4ccccc4)cc3)c3ccc4ccccc4c3)c3ccc4ccccc4c3)cc2)c2ccccc2)cc1,354.0
1.0,O=C1c2ccc(C#Cc3ccccc3)cc2C(=O)N1c1ccc(Oc2ccc(N3C(=O)c4ccc(C(c5ccc6c(c5)C(=O)N(c5ccc(Oc7ccc(N8C(=O)c9ccc(C#Cc%10ccccc%10)cc9C8=O)cc7C(F)(F)F)cc5)C6=O)(C(F)(F)F)C(F)(F)F)cc4C3=O)cc2C(F)(F)F)cc1,0.0,O=C1c2ccc(C#Cc3ccccc3)cc2C(=O)N1c1ccc(Oc2ccc(N3C(=O)c4ccc(C(c5ccc6c(c5)C(=O)N(c5ccc(Oc7ccc(N8C(=O)c9ccc(C#Cc%10ccccc%10)cc9C8=O)cc7C(F)(F)F)cc5)C6=O)(C(F)(F)F)C(F)(F)F)cc4C3=O)cc2C(F)(F)F)cc1,564.0
1.0,C#Cc1ccccc1C#C[SiH](C)C,0.0,C#Cc1ccccc1C#C[SiH](C)C,437.0
1.0,C[SiH2]C#CCc1ccccc1[SiH2]C#Cc1ccccc1,0.0,C[SiH2]C#CCc1ccccc1[SiH2]C#Cc1ccccc1,654.0
1.0,C#COCc1ccc(N2COc3ccc(C)cc3C2)cc1,0.0,C#COCc1ccc(N2COc3ccc(C)cc3C2)cc1,339.0
1.0,C#Cc1cccc(N2COc3ccc(N4C(=O)c5ccc(Oc6ccc(C(C)(C)c7ccc(Oc8ccc9c(c8)C(=O)N(c8ccc%10c(c8)CN(c8cccc(C#C)c8)CO%10)C9=O)cc7)cc6)cc5C4=O)cc3C2)c1,0.0,C#Cc1cccc(N2COc3ccc(N4C(=O)c5ccc(Oc6ccc(C(C)(C)c7ccc(Oc8ccc9c(c8)C(=O)N(c8ccc%10c(c8)CN(c8cccc(C#C)c8)CO%10)C9=O)cc7)cc6)cc5C4=O)cc3C2)c1,393.0
0.0,C#Cc1cccc(C#C[Si](C)(C#Cc2cccc(C#C)c2)C=C)c1,1.0,C#CC1=CC=CC(N2C(C(C=CC(OC3=CC=CC(C(N4C5=CC(OC6=CC(OC7=CC(N8C(C(C(OC9=CC=C(C(N(C%10=CC=CC(C#C)=C%10)C%11=O)=O)C%11=C9)=CC=C%12)=C%12C8=O)=O)=CC=C7)=CC=C6)=CC=C5)=O)=C3C4=O)=C%13)=C%13C2=O)=O)=C1,520.3
1.0,C#CC1=CC=C(OC2=C(C3=CC=CC=C3)C=C(C4=NN=C(C5=CC=C(OC6=CC=C(C#C[Si](C)(C#CC7=CC=C(OC8=C(C9=CC=CC=C9)C=C(C%10=NN=C(C%11=CC=C(OC%12=CC=C(C#C)C=C%12)C(C%13=CC=CC=C%13)=C%11)O%10)C=C8)C=C7)C)C=C6)C(C%14=CC=CC=C%14)=C5)O4)C=C2)C=C1,0.0,C#CC1=CC=C(OC2=C(C3=CC=CC=C3)C=C(C4=NN=C(C5=CC=C(OC6=CC=C(C#C[Si](C)(C#CC7=CC=C(OC8=C(C9=CC=CC=C9)C=C(C%10=NN=C(C%11=CC=C(OC%12=CC=C(C#C)C=C%12)C(C%13=CC=CC=C%13)=C%11)O%10)C=C8)C=C7)C)C=C6)C(C%14=CC=CC=C%14)=C5)O4)C=C2)C=C1,466.0
1.0,C#Cc1ccc(C#C[Si](C)(C)O[Si](C)(C)O[Si](C)(C)O[Si](C)(C)C#Cc2ccc(C#C)cc2)cc1,0.0,C#Cc1ccc(C#C[Si](C)(C)O[Si](C)(C)O[Si](C)(C)O[Si](C)(C)C#Cc2ccc(C#C)cc2)cc1,497.0
1.0,C#CC1=CC=CC(C#CC(C#CC2=CC(C=C)=CC=C2)(C#CC3=CC(C#C)=CC=C3)C#CC4=CC(C#C)=CC=C4)=C1,0.0,C#CC1=CC=CC(C#CC(C#CC2=CC(C=C)=CC=C2)(C#CC3=CC(C#C)=CC=C3)C#CC4=CC(C#C)=CC=C4)=C1,654.0
1.0,O=C1c2ccc(-c3ccc4c(c3)C(=O)N(c3cccc(Oc5cccc(Oc6cccc(N7C(=O)c8cccc9c(C#Cc%10cccc%11ccccc%10%11)ccc(c89)C7=O)c6)c5)c3)C4=O)cc2C(=O)N1c1cccc(Oc2cccc(Oc3cccc(N4C(=O)c5cccc6c(C#Cc7cccc8ccccc78)ccc(c56)C4=O)c3)c2)c1,0.0,O=C1c2ccc(-c3ccc4c(c3)C(=O)N(c3cccc(Oc5cccc(Oc6cccc(N7C(=O)c8cccc9c(C#Cc%10cccc%11ccccc%10%11)ccc(c89)C7=O)c6)c5)c3)C4=O)cc2C(=O)N1c1cccc(Oc2cccc(Oc3cccc(N4C(=O)c5cccc6c(C#Cc7cccc8ccccc78)ccc(c56)C4=O)c3)c2)c1,531.0
1.0,O=C1c2ccc(C#Cc3ccccc3)cc2C(=O)N1c1cccc(N2C(=O)c3ccc(C(c4ccc5c(c4)C(=O)N(c4cccc(N6C(=O)c7ccc(C#Cc8ccccc8)cc7C6=O)c4)C5=O)(C(F)(F)F)C(F)(F)F)cc3C2=O)c1,0.0,O=C1c2ccc(C#Cc3ccccc3)cc2C(=O)N1c1cccc(N2C(=O)c3ccc(C(c4ccc5c(c4)C(=O)N(c4cccc(N6C(=O)c7ccc(C#Cc8ccccc8)cc7C6=O)c4)C5=O)(C(F)(F)F)C(F)(F)F)cc3C2=O)c1,577.0
1.0,O=C1c2ccc(C#Cc3ccccc3)cc2C(=O)N1c1ccc(Oc2cccc(N3C(=O)c4cccc(Oc5ccc6c(c5)C(=O)N(c5ccc(Oc7cccc(N8C(=O)c9ccc(C#Cc%10ccccc%10)cc9C8=O)c7)cc5)C6=O)c4C3=O)c2)cc1,0.0,O=C1c2ccc(C#Cc3ccccc3)cc2C(=O)N1c1ccc(Oc2cccc(N3C(=O)c4cccc(Oc5ccc6c(c5)C(=O)N(c5ccc(Oc7cccc(N8C(=O)c9ccc(C#Cc%10ccccc%10)cc9C8=O)c7)cc5)C6=O)c4C3=O)c2)cc1,544.0
1.0,C#Cc1cccc(N2COc3ccc(C(c4ccc5c(c4)CN(c4cccc(C#C)c4)CO5)(C(F)(F)F)C(F)(F)F)cc3C2)c1,0.0,C#Cc1cccc(N2COc3ccc(C(c4ccc5c(c4)CN(c4cccc(C#C)c4)CO5)(C(F)(F)F)C(F)(F)F)cc3C2)c1,494.0
1.0,C#Cc1ccc(C(=C(c2ccccc2)c2ccc(C(=CC(F)(F)C(F)(F)C(F)(F)C(F)(F)/C=C(\c3ccc(Cl)cc3)c3ccc(C(=C(c4ccccc4)c4ccc(C#C)cc4)c4ccccc4)cc3)c3ccc(Cl)cc3)cc2)c2ccccc2)cc1,0.0,C#Cc1ccc(C(=C(c2ccccc2)c2ccc(C(=CC(F)(F)C(F)(F)C(F)(F)C(F)(F)/C=C(\c3ccc(Cl)cc3)c3ccc(C(=C(c4ccccc4)c4ccc(C#C)cc4)c4ccccc4)cc3)c3ccc(Cl)cc3)cc2)c2ccccc2)cc1,347.0
1.0,C#Cc1cccc(C#C[SiH](C)C#Cc2cccc(C#C[Si](C)(C)O[Si](C)(C)O[Si](C)(C)O[Si](C)(C)O[Si](C)(C)C#Cc3cccc(C#C[SiH](C)C#Cc4cccc(C#C)c4)c3)c2)c1,0.0,C#Cc1cccc(C#C[SiH](C)C#Cc2cccc(C#C[Si](C)(C)O[Si](C)(C)O[Si](C)(C)O[Si](C)(C)O[Si](C)(C)C#Cc3cccc(C#C[SiH](C)C#Cc4cccc(C#C)c4)c3)c2)c1,591.0
1.0,O=C1c2ccc(C#Cc3ccccc3)cc2C(=O)N1c1cccc(Oc2ccc(N3C(=O)c4ccc(Oc5cccc6c5C(=O)N(c5ccc(Oc7cccc(N8C(=O)c9ccc(C#Cc%10ccccc%10)cc9C8=O)c7)cc5)C6=O)cc4C3=O)cc2)c1,0.0,O=C1c2ccc(C#Cc3ccccc3)cc2C(=O)N1c1cccc(Oc2ccc(N3C(=O)c4ccc(Oc5cccc6c5C(=O)N(c5ccc(Oc7cccc(N8C(=O)c9ccc(C#Cc%10ccccc%10)cc9C8=O)c7)cc5)C6=O)cc4C3=O)cc2)c1,555.0
1.0,C#Cc1cccc(C#C[Si](C)(C)C#Cc2cccc(C#C)c2)c1,0.0,C#Cc1cccc(C#C[Si](C)(C)C#Cc2cccc(C#C)c2)c1,529.0
1.0,C#CCOc1ccc(Oc2cc(C)cc(C)c2)cc1,0.0,C#CCOc1ccc(Oc2cc(C)cc(C)c2)cc1,471.0
1.0,C#Cc1cccc(C#C[Si](C)(C)C#Cc2cccc(C#C)c2)c1,0.0,C#Cc1cccc(C#C[Si](C)(C)C#Cc2cccc(C#C)c2)c1,547.0
1.0,O=C1c2ccc(C#Cc3ccccc3)cc2C(=O)N1c1ccc(C2(c3ccc(N4C(=O)c5ccc(Oc6ccc7c(c6)C(=O)N(c6ccc(C8(c9ccc(N%10C(=O)c%11ccc(C#Cc%12ccccc%12)cc%11C%10=O)cc9)c9ccccc9-c9ccccc98)cc6)C7=O)cc5C4=O)cc3)c3ccccc3-c3ccccc32)cc1,0.0,O=C1c2ccc(C#Cc3ccccc3)cc2C(=O)N1c1ccc(C2(c3ccc(N4C(=O)c5ccc(Oc6ccc7c(c6)C(=O)N(c6ccc(C8(c9ccc(N%10C(=O)c%11ccc(C#Cc%12ccccc%12)cc%11C%10=O)cc9)c9ccccc9-c9ccccc98)cc6)C7=O)cc5C4=O)cc3)c3ccccc3-c3ccccc32)cc1,563.0
1.0,C#Cc1cccc(C#C[Si](C)(C#Cc2cccc(C#C)c2)C=C)c1,0.0,C#Cc1cccc(C#C[Si](C)(C#Cc2cccc(C#C)c2)C=C)c1,639.0
1.0,C#CCOc1ccc(N2COC3C=CC=CC3C2)cc1,0.0,C#CCOc1ccc(N2COC3C=CC=CC3C2)cc1,601.0
1.0,C#Cc1cccc(N2COc3ccc(-c4ccc5c(c4)CN(c4cccc(C#C)c4)CO5)cc3C2)c1,0.0,C#Cc1cccc(N2COc3ccc(-c4ccc5c(c4)CN(c4cccc(C#C)c4)CO5)cc3C2)c1,462.0
1.0,O=C1c2ccc(C#Cc3ccccc3)cc2C(=O)N1c1ccc(Oc2ccc(N3C(=O)c4ccc(C(c5ccc6c(c5)C(=O)N(c5ccc(Oc7ccc(N8C(=O)c9ccc(C#Cc%10ccccc%10)cc9C8=O)cc7-c7ccccc7)cc5)C6=O)(C(F)(F)F)C(F)(F)F)cc4C3=O)cc2-c2ccccc2)cc1,0.0,O=C1c2ccc(C#Cc3ccccc3)cc2C(=O)N1c1ccc(Oc2ccc(N3C(=O)c4ccc(C(c5ccc6c(c5)C(=O)N(c5ccc(Oc7ccc(N8C(=O)c9ccc(C#Cc%10ccccc%10)cc9C8=O)cc7-c7ccccc7)cc5)C6=O)(C(F)(F)F)C(F)(F)F)cc4C3=O)cc2-c2ccccc2)cc1,555.0
1.0,C#Cc1ccc(S(=O)(=O)c2cccc(Oc3ccc(C(C)(C)c4ccc(Oc5ccc(S(=O)(=O)c6ccc(Oc7ccc(C(C)(C)c8ccc(Oc9cccc(S(=O)(=O)c%10ccc(C#C)cc%10)c9)cc8)cc7)cc6)cc5)cc4)cc3)c2)cc1,0.0,C#Cc1ccc(S(=O)(=O)c2cccc(Oc3ccc(C(C)(C)c4ccc(Oc5ccc(S(=O)(=O)c6ccc(Oc7ccc(C(C)(C)c8ccc(Oc9cccc(S(=O)(=O)c%10ccc(C#C)cc%10)c9)cc8)cc7)cc6)cc5)cc4)cc3)c2)cc1,470.0
1.0,O=C(c1ccc(Oc2cccc(N3C(=O)c4ccc(C#Cc5ccccc5)cc4C3=O)c2)cc1)c1ccc(Oc2cccc(N3C(=O)c4ccc(-c5cccc6c5C(=O)N(c5cccc(Oc7ccc(C(=O)c8ccc(Oc9cccc(N%10C(=O)c%11ccc(C#Cc%12ccccc%12)cc%11C%10=O)c9)cc8)cc7)c5)C6=O)cc4C3=O)c2)cc1,0.0,O=C(c1ccc(Oc2cccc(N3C(=O)c4ccc(C#Cc5ccccc5)cc4C3=O)c2)cc1)c1ccc(Oc2cccc(N3C(=O)c4ccc(-c5cccc6c5C(=O)N(c5cccc(Oc7ccc(C(=O)c8ccc(Oc9cccc(N%10C(=O)c%11ccc(C#Cc%12ccccc%12)cc%11C%10=O)c9)cc8)cc7)c5)C6=O)cc4C3=O)c2)cc1,470.0
1.0,C#CCOc1ccc(Oc2ccc(OCC#C)cc2)cc1,0.0,C#CCOc1ccc(Oc2ccc(OCC#C)cc2)cc1,384.0
1.0,C#CC1=CC(C2=NC3=C(C=CC(S(C4=CC(N=C(C5=CC=CC(C#C)=C5)O6)=C6C=C4)(=O)=O)=C3)O2)=CC=C1,0.0,C#CC1=CC(C2=NC3=C(C=CC(S(C4=CC(N=C(C5=CC=CC(C#C)=C5)O6)=C6C=C4)(=O)=O)=C3)O2)=CC=C1,524.0
1.0,C#Cc1cccc(N2COc3ccc(Oc4ccc(P(c5ccccc5)c5ccc(Oc6ccc7c(c6)CN(c6cccc(C#C)c6)CO7)cc5)cc4)cc3C2)c1,0.0,C#Cc1cccc(N2COc3ccc(Oc4ccc(P(c5ccccc5)c5ccc(Oc6ccc7c(c6)CN(c6cccc(C#C)c6)CO7)cc5)cc4)cc3C2)c1,403.0
1.0,C#Cc1cccc(N2COc3c(cccc3NC(=O)c3ccccc3)C2)c1,0.0,C#Cc1cccc(N2COc3c(cccc3NC(=O)c3ccccc3)C2)c1,337.0
1.0,C#Cc1ccc(C#C[Si](C)(C)O[Si](C)(C)C#Cc2ccc(C#C)cc2)cc1,0.0,C#Cc1ccc(C#C[Si](C)(C)O[Si](C)(C)C#Cc2ccc(C#C)cc2)cc1,546.0
1.0,C#Cc1cccc(N2COc3ccc(C(C)(C)c4ccc5c(c4)CN(c4cccc(C#C)c4)CO5)cc3C2)c1,0.0,C#Cc1cccc(N2COc3ccc(C(C)(C)c4ccc5c(c4)CN(c4cccc(C#C)c4)CO5)cc3C2)c1,458.0
1.0,C(#C[Si](C#Cc1ccc(Oc2ccc(C#C[Si](C#Cc3ccccc3)(c3ccccc3)c3ccccc3)cc2)cc1)(c1ccccc1)c1ccccc1)c1ccccc1,0.0,C(#C[Si](C#Cc1ccc(Oc2ccc(C#C[Si](C#Cc3ccccc3)(c3ccccc3)c3ccccc3)cc2)cc1)(c1ccccc1)c1ccccc1)c1ccccc1,625.0
1.0,C#CCOc1ccc2c(c1)CN(c1ccccc1)CO2,0.0,C#CCOc1ccc2c(c1)CN(c1ccccc1)CO2,372.0
1.0,C#Cc1ccc(C#C[Si](C)(C)C#Cc2ccc(C#C)cc2)cc1,0.0,C#Cc1ccc(C#C[Si](C)(C)C#Cc2ccc(C#C)cc2)cc1,612.0
1.0,CC(C)(c1ccc(Oc2ccc3c(c2)C(=O)N(c2ccc(Oc4ccc(N5C(=O)c6ccc(C#Cc7ccccc7)cc6C5=O)cc4)cc2)C3=O)cc1)c1ccc(Oc2ccc3c(c2)C(=O)N(c2ccc(Oc4ccc(N5C(=O)c6ccc(C#Cc7ccccc7)cc6C5=O)cc4)cc2)C3=O)cc1,0.0,CC(C)(c1ccc(Oc2ccc3c(c2)C(=O)N(c2ccc(Oc4ccc(N5C(=O)c6ccc(C#Cc7ccccc7)cc6C5=O)cc4)cc2)C3=O)cc1)c1ccc(Oc2ccc3c(c2)C(=O)N(c2ccc(Oc4ccc(N5C(=O)c6ccc(C#Cc7ccccc7)cc6C5=O)cc4)cc2)C3=O)cc1,547.5
1.0,C#Cc1cccc(C#C[Si](C)(C)C#Cc2cccc(C#C)c2)c1,0.0,C#Cc1cccc(C#C[Si](C)(C)C#Cc2cccc(C#C)c2)c1,524.0
1.0,CC[Si](C)(C)C#Cc1cccc(C#C[Si](C)(C)CC)c1,0.0,CC[Si](C)(C)C#Cc1cccc(C#C[Si](C)(C)CC)c1,589.0
1.0,C[Si](C)(C#Cc1ccccc1)C#Cc1cccc(C#C[Si](C)(C)C#Cc2ccccc2)c1,0.0,C[Si](C)(C#Cc1ccccc1)C#Cc1cccc(C#C[Si](C)(C)C#Cc2ccccc2)c1,520.0
1.0,C#Cc1cccc(C#CB2NB(C#Cc3cccc(C#C)c3)NB(C#Cc3cccc(C#C)c3)N2)c1,0.0,C#Cc1cccc(C#CB2NB(C#Cc3cccc(C#C)c3)NB(C#Cc3cccc(C#C)c3)N2)c1,496.7
1.0,C#CCN(CC#C)c1ccc(Cc2ccc(N(CC#C)CC#C)cc2)cc1,0.0,C#CCN(CC#C)c1ccc(Cc2ccc(N(CC#C)CC#C)cc2)cc1,651.1
1.0,C[Si](C#Cc1ccccc1)(C#Cc1ccccc1)C#Cc1ccccc1,0.0,C[Si](C#Cc1ccccc1)(C#Cc1ccccc1)C#Cc1ccccc1,695.0
1.0,O=C1c2ccc(Oc3ccc4c(c3)C(=O)N(c3cccc(C#Cc5ccccc5)c3)C4=O)cc2C(=O)N1c1cccc(C#Cc2ccccc2)c1,0.0,O=C1c2ccc(Oc3ccc4c(c3)C(=O)N(c3cccc(C#Cc5ccccc5)c3)C4=O)cc2C(=O)N1c1cccc(C#Cc2ccccc2)c1,532.0
1.0,C[SiH](C#CB(F)F)C#CB(F)F,0.0,C[SiH](C#CB(F)F)C#CB(F)F,624.0
1.0,C#Cc1cccc(N2COc3ccc(N4C(=O)C=CC4=O)cc3C2)c1,0.0,C#Cc1cccc(N2COc3ccc(N4C(=O)C=CC4=O)cc3C2)c1,412.0
1.0,O=C1c2ccc(C#Cc3ccccc3)cc2C(=O)N1c1ccc(-c2ccc(N3C(=O)c4ccc(C(c5ccc6c(c5)C(=O)N(c5ccc(-c7ccc(N8C(=O)c9ccc(C#Cc%10ccccc%10)cc9C8=O)cc7C(F)(F)F)c(C(F)(F)F)c5)C6=O)(C(F)(F)F)C(F)(F)F)cc4C3=O)cc2C(F)(F)F)c(C(F)(F)F)c1,0.0,O=C1c2ccc(C#Cc3ccccc3)cc2C(=O)N1c1ccc(-c2ccc(N3C(=O)c4ccc(C(c5ccc6c(c5)C(=O)N(c5ccc(-c7ccc(N8C(=O)c9ccc(C#Cc%10ccccc%10)cc9C8=O)cc7C(F)(F)F)c(C(F)(F)F)c5)C6=O)(C(F)(F)F)C(F)(F)F)cc4C3=O)cc2C(F)(F)F)c(C(F)(F)F)c1,578.0
1.0,C#Cc1ccc(-c2cc(-c3ccc(C#C)cc3)cc(-c3ccc(C#C[Si](C)(C#C)C#C)cc3)c2)cc1,0.0,C#Cc1ccc(-c2cc(-c3ccc(C#C)cc3)cc(-c3ccc(C#C[Si](C)(C#C)C#C)cc3)c2)cc1,615.0
1.0,O=C(C#Cc1ccccc1)c1ccc2c(c1)C(=O)N(c1ccc(Oc3cccc(Oc4ccc(N5C(=O)c6ccc(C(=O)C#Cc7ccccc7)cc6C5=O)cc4)c3)cc1)C2=O,0.0,O=C(C#Cc1ccccc1)c1ccc2c(c1)C(=O)N(c1ccc(Oc3cccc(Oc4ccc(N5C(=O)c6ccc(C(=O)C#Cc7ccccc7)cc6C5=O)cc4)c3)cc1)C2=O,322.0
1.0,C#CCOC1=NC(OCC#C)=NC(OCC#C)=N1,0.0,C#CCOC1=NC(OCC#C)=NC(OCC#C)=N1,344.0
1.0,C#C[SiH](C)C#C[SiH](C)C#Cc1cccc(C#C[SiH2]C)c1,0.0,C#C[SiH](C)C#C[SiH](C)C#Cc1cccc(C#C[SiH2]C)c1,644.0
1.0,C#Cc1cccc(N2COc3c(ccc4c5c(ccc34)CN(c3cccc(C#C)c3)CO5)C2)c1,0.0,C#Cc1cccc(N2COc3c(ccc4c5c(ccc34)CN(c3cccc(C#C)c3)CO5)C2)c1,380.0
1.0,O=C1c2ccc(C#Cc3ccccc3)cc2C(=O)N1c1ccc(Oc2ccc(N3C(=O)c4cccc(Oc5ccc(Oc6cccc7c6C(=O)N(c6ccc(Oc8ccc(N9C(=O)c%10ccc(C#Cc%11ccccc%11)cc%10C9=O)cc8-c8ccccc8)cc6)C7=O)cc5)c4C3=O)cc2-c2ccccc2)cc1,0.0,O=C1c2ccc(C#Cc3ccccc3)cc2C(=O)N1c1ccc(Oc2ccc(N3C(=O)c4cccc(Oc5ccc(Oc6cccc7c6C(=O)N(c6ccc(Oc8ccc(N9C(=O)c%10ccc(C#Cc%11ccccc%11)cc%10C9=O)cc8-c8ccccc8)cc6)C7=O)cc5)c4C3=O)cc2-c2ccccc2)cc1,525.0
1.0,O=C1c2ccc(C#Cc3ccccc3)cc2C(=O)N1c1ccc(N2C(=O)c3ccc(C(c4ccc5c(c4)C(=O)N(c4ccc(N6C(=O)c7ccc(C#Cc8ccccc8)cc7C6=O)cc4)C5=O)(C(F)(F)F)C(F)(F)F)cc3C2=O)cc1,0.0,O=C1c2ccc(C#Cc3ccccc3)cc2C(=O)N1c1ccc(N2C(=O)c3ccc(C(c4ccc5c(c4)C(=O)N(c4ccc(N6C(=O)c7ccc(C#Cc8ccccc8)cc7C6=O)cc4)C5=O)(C(F)(F)F)C(F)(F)F)cc3C2=O)cc1,518.0
1.0,C#Cc1cccc(N2COc3ccc(C(c4ccc5c(c4)CN(c4cccc(C#C)c4)CO5)(C(F)(F)F)C(F)(F)F)cc3C2)c1,0.0,C#Cc1cccc(N2COc3ccc(C(c4ccc5c(c4)CN(c4cccc(C#C)c4)CO5)(C(F)(F)F)C(F)(F)F)cc3C2)c1,494.0
1.0,C#Cc1cccc(C#C[Si](C)(C)O[Si](C)(C)C#Cc2cccc(C#C)c2)c1,0.0,C#Cc1cccc(C#C[Si](C)(C)O[Si](C)(C)C#Cc2cccc(C#C)c2)c1,604.0
1.0,C#Cc1ccc(C(=O)c2ccc(Oc3ccc(C(C)(C)c4ccc(Oc5ccc(C(=O)c6ccc(Oc7ccc(C(C)(C)c8ccc(Oc9ccc(C(=O)c%10ccc(C#C)cc%10)cc9)cc8)cc7)cc6)cc5)cc4)cc3)cc2)cc1,0.0,C#Cc1ccc(C(=O)c2ccc(Oc3ccc(C(C)(C)c4ccc(Oc5ccc(C(=O)c6ccc(Oc7ccc(C(C)(C)c8ccc(Oc9ccc(C(=O)c%10ccc(C#C)cc%10)cc9)cc8)cc7)cc6)cc5)cc4)cc3)cc2)cc1,480.0
1.0,O=C1c2ccc(C#Cc3ccccc3)cc2C(=O)N1c1ccc(Oc2cccc(Oc3ccc(N4C(=O)c5ccc(-c6ccc7c(c6)C(=O)N(c6ccc(Oc8cccc(Oc9ccc(N%10C(=O)c%11ccc(C#Cc%12ccccc%12)cc%11C%10=O)cc9)c8)cc6)C7=O)cc5C4=O)cc3)c2)cc1,0.0,O=C1c2ccc(C#Cc3ccccc3)cc2C(=O)N1c1ccc(Oc2cccc(Oc3ccc(N4C(=O)c5ccc(-c6ccc7c(c6)C(=O)N(c6ccc(Oc8cccc(Oc9ccc(N%10C(=O)c%11ccc(C#Cc%12ccccc%12)cc%11C%10=O)cc9)c8)cc6)C7=O)cc5C4=O)cc3)c2)cc1,551.0
1.0,O=C1c2ccc(C#Cc3ccccc3)cc2C(=O)N1c1ccc(Oc2cccc(Oc3ccc(N4C(=O)c5ccc(-c6cccc7c6C(=O)N(c6ccc(Oc8cccc(Oc9ccc(N%10C(=O)c%11ccc(C#Cc%12ccccc%12)cc%11C%10=O)cc9)c8)cc6)C7=O)cc5C4=O)cc3)c2)cc1,0.0,O=C1c2ccc(C#Cc3ccccc3)cc2C(=O)N1c1ccc(Oc2cccc(Oc3ccc(N4C(=O)c5ccc(-c6cccc7c6C(=O)N(c6ccc(Oc8cccc(Oc9ccc(N%10C(=O)c%11ccc(C#Cc%12ccccc%12)cc%11C%10=O)cc9)c8)cc6)C7=O)cc5C4=O)cc3)c2)cc1,568.9
1.0,Nc1cccc(C#Cc2cccc(N3C(=O)c4ccc(C(c5ccc6c(c5)C(=O)OC6=O)(C(F)(F)F)C(F)(F)F)cc4C3=O)c2)c1,0.0,Nc1cccc(C#Cc2cccc(N3C(=O)c4ccc(C(c5ccc6c(c5)C(=O)OC6=O)(C(F)(F)F)C(F)(F)F)cc4C3=O)c2)c1,506.0
1.0,C#Cc1cccc(N2COc3ccc(C(C)(CC)c4ccc5c(c4)CN(c4cccc(C#C)c4)CO5)cc3C2)c1,0.0,C#Cc1cccc(N2COc3ccc(C(C)(CC)c4ccc5c(c4)CN(c4cccc(C#C)c4)CO5)cc3C2)c1,400.0
1.0,C#CCOc1ccc(N2COc3ccc(C(C)(C)c4ccc5c(c4)CN(c4ccc(OCC#C)cc4)CO5)cc3C2)cc1,0.0,C#CCOc1ccc(N2COc3ccc(C(C)(C)c4ccc5c(c4)CN(c4ccc(OCC#C)cc4)CO5)cc3C2)cc1,367.0
1.0,C#CC1=CC=C(OC2=C(C#CC3=CC=CC=C3)C=C(C4=NN=C(C5=CC=C(OC6=CC=C(C#C[Si](C)(C#CC7=CC=C(OC8=C(C#CC9=CC=CC=C9)C=C(C%10=NN=C(C%11=CC=C(OC%12=CC=C(C#C)C=C%12)C(C#CC%13=CC=CC=C%13)=C%11)O%10)C=C8)C=C7)C)C=C6)C(C#CC%14=CC=CC=C%14)=C5)O4)C=C2)C=C1,0.0,C#CC1=CC=C(OC2=C(C#CC3=CC=CC=C3)C=C(C4=NN=C(C5=CC=C(OC6=CC=C(C#C[Si](C)(C#CC7=CC=C(OC8=C(C#CC9=CC=CC=C9)C=C(C%10=NN=C(C%11=CC=C(OC%12=CC=C(C#C)C=C%12)C(C#CC%13=CC=CC=C%13)=C%11)O%10)C=C8)C=C7)C)C=C6)C(C#CC%14=CC=CC=C%14)=C5)O4)C=C2)C=C1,485.0
1.0,O=C1c2ccc(C#Cc3cccc4ccccc34)cc2C(=O)N1c1cccc(Oc2cccc(Oc3cccc(N4C(=O)c5ccc(-c6ccc7c(c6)C(=O)N(c6cccc(Oc8cccc(Oc9cccc(N%10C(=O)c%11ccc(C#Cc%12cccc%13ccccc%12%13)cc%11C%10=O)c9)c8)c6)C7=O)cc5C4=O)c3)c2)c1,0.0,O=C1c2ccc(C#Cc3cccc4ccccc34)cc2C(=O)N1c1cccc(Oc2cccc(Oc3cccc(N4C(=O)c5ccc(-c6ccc7c(c6)C(=O)N(c6cccc(Oc8cccc(Oc9cccc(N%10C(=O)c%11ccc(C#Cc%12cccc%13ccccc%12%13)cc%11C%10=O)c9)c8)c6)C7=O)cc5C4=O)c3)c2)c1,519.0
1.0,C#Cc1ccc([Si](C)(C=C)c2ccc(-c3cn(-c4ccc(-n5cc(-c6ccc([Si](C)(C=C)c7ccc(C#C)cc7)cc6)nn5)cc4)nn3)cc2)cc1,0.0,C#Cc1ccc([Si](C)(C=C)c2ccc(-c3cn(-c4ccc(-n5cc(-c6ccc([Si](C)(C=C)c7ccc(C#C)cc7)cc6)nn5)cc4)nn3)cc2)cc1,325.0
1.0,C#C[Si](C)(C)C#CB(F)F,0.0,C#C[Si](C)(C)C#CB(F)F,485.0
1.0,C[Si](C)(C#Cc1ccccc1)C#Cc1ccc(C#C[Si](C)(C)C#Cc2ccccc2)cc1,0.0,C[Si](C)(C#Cc1ccccc1)C#Cc1ccc(C#C[Si](C)(C)C#Cc2ccccc2)cc1,623.7
0.92,C#Cc1cccc(C#C[Si](C)(C#Cc2cccc(C#C)c2)C=C)c1,0.08,C#CC1=CC=CC(N2C(C(C=CC(OC3=CC=CC(C(N4C5=CC=C(OC6=CC(OC7=CC=C(N8C(C(C(OC9=CC=C(C(N(C%10=CC=CC(C#C)=C%10)C%11=O)=O)C%11=C9)=CC=C%12)=C%12C8=O)=O)C=C7)=CC=C6)C=C5)=O)=C3C4=O)=C%13)=C%13C2=O)=O)=C1,610.2
1.0,C#Cc1cccc(N2COc3c(cc(C=O)cc3OC)C2)c1,0.0,C#Cc1cccc(N2COc3c(cc(C=O)cc3OC)C2)c1,393.0
1.0,C#CCOc1ccc(Nc2nc(Nc3ccc(OCC#C)cc3)nc(Nc3ccc(OCC#C)cc3)n2)cc1,0.0,C#CCOc1ccc(Nc2nc(Nc3ccc(OCC#C)cc3)nc(Nc3ccc(OCC#C)cc3)n2)cc1,443.0
1.0,O=C1c2ccc(C#Cc3ccccc3)cc2C(=O)N1c1cccc(Oc2ccc(N3C(=O)c4ccc(Oc5cccc6c5C(=O)N(c5ccc(Oc7cccc(N8C(=O)c9ccc(C#Cc%10ccccc%10)cc9C8=O)c7)cc5)C6=O)cc4C3=O)cc2)c1,0.0,O=C1c2ccc(C#Cc3ccccc3)cc2C(=O)N1c1cccc(Oc2ccc(N3C(=O)c4ccc(Oc5cccc6c5C(=O)N(c5ccc(Oc7cccc(N8C(=O)c9ccc(C#Cc%10ccccc%10)cc9C8=O)c7)cc5)C6=O)cc4C3=O)cc2)c1,557.0
1.0,C#Cc1ccc(S(=O)c2ccc(C#C[Si](C)(C#Cc3ccc(S(=O)c4ccc(C#C)cc4)cc3)c3ccccc3)cc2)cc1,0.0,C#Cc1ccc(S(=O)c2ccc(C#C[Si](C)(C#Cc3ccc(S(=O)c4ccc(C#C)cc4)cc3)c3ccccc3)cc2)cc1,449.0
1.0,BB(B)B(B)B(B(B)B)B1CC1c1cccc(C#C[Si](C)(C)C#Cc2cccc(C#C[SiH](C)C)c2)c1,0.0,BB(B)B(B)B(B(B)B)B1CC1c1cccc(C#C[Si](C)(C)C#Cc2cccc(C#C[SiH](C)C)c2)c1,552.0
1.0,O=C1c2ccc(C#Cc3ccccc3)cc2C(=O)N1c1cccc(Oc2ccc(N3C(=O)c4ccc(Oc5cccc6c5C(=O)N(c5ccc(Oc7cccc(N8C(=O)c9ccc(C#Cc%10ccccc%10)cc9C8=O)c7)cc5)C6=O)cc4C3=O)cc2)c1,0.0,O=C1c2ccc(C#Cc3ccccc3)cc2C(=O)N1c1cccc(Oc2ccc(N3C(=O)c4ccc(Oc5cccc6c5C(=O)N(c5ccc(Oc7cccc(N8C(=O)c9ccc(C#Cc%10ccccc%10)cc9C8=O)c7)cc5)C6=O)cc4C3=O)cc2)c1,552.0
1.0,C#Cc1ccc(Oc2ccc(Oc3ccc(C#C[SiH](C)c4ccccc4)cc3)cc2)cc1,0.0,C#Cc1ccc(Oc2ccc(Oc3ccc(C#C[SiH](C)c4ccccc4)cc3)cc2)cc1,531.0
1.0,C#Cc1cccc(N2C(=O)c3ccc(C(=O)c4ccc5c(c4)C(=O)N(c4cccc(-c6cn(Cc7ccc(-c8ccc(Cn9cc(-c%10cccc(N%11C(=O)c%12ccc(C(=O)c%13ccc%14c(c%13)C(=O)N(c%13cccc(C#C)c%13)C%14=O)cc%12C%11=O)c%10)nn9)cc8)cc7)nn6)c4)C5=O)cc3C2=O)c1,0.0,C#Cc1cccc(N2C(=O)c3ccc(C(=O)c4ccc5c(c4)C(=O)N(c4cccc(-c6cn(Cc7ccc(-c8ccc(Cn9cc(-c%10cccc(N%11C(=O)c%12ccc(C(=O)c%13ccc%14c(c%13)C(=O)N(c%13cccc(C#C)c%13)C%14=O)cc%12C%11=O)c%10)nn9)cc8)cc7)nn6)c4)C5=O)cc3C2=O)c1,376.0
1.0,C[Si](C)(C#Cc1ccccc1)C#Cc1cccc(C#C[Si](C)(C)C#Cc2ccccc2)c1,0.0,C[Si](C)(C#Cc1ccccc1)C#Cc1cccc(C#C[Si](C)(C)C#Cc2ccccc2)c1,608.0
1.0,O=C1c2ccc(C#Cc3ccccc3)cc2C(=O)N1c1ccc(Oc2ccc(-n3c(=O)c4ccc5c(=O)n(-c6ccc(Oc7ccc(N8C(=O)c9ccc(C#Cc%10ccccc%10)cc9C8=O)cc7C(F)(F)F)c(C(F)(F)F)c6)c(=O)c5c4c3=O)cc2C(F)(F)F)c(C(F)(F)F)c1,0.0,O=C1c2ccc(C#Cc3ccccc3)cc2C(=O)N1c1ccc(Oc2ccc(-n3c(=O)c4ccc5c(=O)n(-c6ccc(Oc7ccc(N8C(=O)c9ccc(C#Cc%10ccccc%10)cc9C8=O)cc7C(F)(F)F)c(C(F)(F)F)c6)c(=O)c5c4c3=O)cc2C(F)(F)F)c(C(F)(F)F)c1,550.0
1.0,C#C[SiH](C)C#C,0.0,C#C[SiH](C)C#C,608.0
1.0,C#Cc1cccc(C#C[Si](C)(C#Cc2cccc(C#C)c2)C=C)c1,0.0,C#Cc1cccc(C#C[Si](C)(C#Cc2cccc(C#C)c2)C=C)c1,646.0
1.0,O=C1c2ccc(C#Cc3ccccc3)cc2C(=O)N1c1ccc(C2(c3ccc(N4C(=O)c5ccc(C#Cc6ccccc6)cc5C4=O)cc3)c3ccccc3-c3ccccc32)cc1,0.0,O=C1c2ccc(C#Cc3ccccc3)cc2C(=O)N1c1ccc(C2(c3ccc(N4C(=O)c5ccc(C#Cc6ccccc6)cc5C4=O)cc3)c3ccccc3-c3ccccc32)cc1,556.0
1.0,O=C1O/C(=N\c2cccc(/N=C3\OC(=O)c4ccc(-c5cccc6c5C(=O)O/C6=N\c5cccc(/N=C6\OC(=O)c7ccc(C#Cc8ccccc8)cc76)c5)cc43)c2)c2cc(C#Cc3ccccc3)ccc21,0.0,O=C1O/C(=N\c2cccc(/N=C3\OC(=O)c4ccc(-c5cccc6c5C(=O)O/C6=N\c5cccc(/N=C6\OC(=O)c7ccc(C#Cc8ccccc8)cc76)c5)cc43)c2)c2cc(C#Cc3ccccc3)ccc21,584.0
1.0,C#Cc1cccc(N2COc3ccc(Cc4ccc5c(c4)CN(c4cccc(C#C)c4)CO5)cc3C2)c1,0.0,C#Cc1cccc(N2COc3ccc(Cc4ccc5c(c4)CN(c4cccc(C#C)c4)CO5)cc3C2)c1,470.0
1.0,C#CC1=CC(N2COC3=CC=C(C(C4=CC5=C(C=C4)OCN(C4=CC=CC(C#C)=C4)C5)(C(F)(F)F)C(F)(F)F)C=C3C2)=CC=C1,0.0,C#CC1=CC(N2COC3=CC=C(C(C4=CC5=C(C=C4)OCN(C4=CC=CC(C#C)=C4)C5)(C(F)(F)F)C(F)(F)F)C=C3C2)=CC=C1,494.0
1.0,C[Si](C)(C#Cc1ccccc1)C#Cc1cccc(C#C[Si](C)(C)C#Cc2ccccc2)c1,0.0,C[Si](C)(C#Cc1ccccc1)C#Cc1cccc(C#C[Si](C)(C)C#Cc2ccccc2)c1,624.0
0.7,C#CC1=CC=CC(C#C[Si](C=C)(C#CC2=CC=CC(C#C)=C2)C)=C1,0.3,C#Cc1cccc(N2C(c3ccc(c4c(C(N(c5ccc(Oc6cccc(N7C(c8ccc(c9c(C(N(c%10ccc(Oc%11cccc(N%12C(c%13ccc(c%14cccc%15c%14C(N(c%16cccc(C#C)c%16)C%15=O)=O)cc%13C%12=O)=O)c%11)cc%10)C%17=O)=O)c%17ccc9)cc8C7=O)=O)c6)cc5)C%18=O)=O)c%18ccc4)cc3C2=O)=O)c1,562.0
1.0,O=C1c2ccc(C#Cc3ccccc3)cc2C(=O)N1c1cccc(N2C(=O)c3ccc(C#Cc4ccccc4)cc3C2=O)c1,0.0,O=C1c2ccc(C#Cc3ccccc3)cc2C(=O)N1c1cccc(N2C(=O)c3ccc(C#Cc4ccccc4)cc3C2=O)c1,560.0
1.0,C#Cc1cccc(/N=C2\OC(=O)c3cc(C(c4ccc5c(c4)C(=O)O/C5=N\c4cccc(Oc5cccc(Oc6cccc(/N=C7\OC(=O)c8ccc(C(c9ccc%10c(c9)/C(=N/c9cccc(C#C)c9)OC%10=O)(C(F)(F)F)C(F)(F)F)cc87)c6)c5)c4)(C(F)(F)F)C(F)(F)F)ccc32)c1,0.0,C#Cc1cccc(/N=C2\OC(=O)c3cc(C(c4ccc5c(c4)C(=O)O/C5=N\c4cccc(Oc5cccc(Oc6cccc(/N=C7\OC(=O)c8ccc(C(c9ccc%10c(c9)/C(=N/c9cccc(C#C)c9)OC%10=O)(C(F)(F)F)C(F)(F)F)cc87)c6)c5)c4)(C(F)(F)F)C(F)(F)F)ccc32)c1,506.3
1.0,C#CCOc1ccc(C(=O)OCCCOc2ccc(N=Nc3ccc(OCCCOC(=O)c4ccc(OCC#C)cc4)cc3)cc2)cc1,0.0,C#CCOc1ccc(C(=O)OCCCOc2ccc(N=Nc3ccc(OCCCOC(=O)c4ccc(OCC#C)cc4)cc3)cc2)cc1,260.0
1.0,C#CCOc1ccc(C2(c3ccc(OCC#C)cc3)c3ccccc3-c3ccccc32)cc1,0.0,C#CCOc1ccc(C2(c3ccc(OCC#C)cc3)c3ccccc3-c3ccccc32)cc1,395.0
0.0,C#Cc1cccc(C#C[Si](C)(C#Cc2cccc(C#C)c2)C=C)c1,1.0,O=C1N(C2=CC=C(OC3=CC(OC4=CC=C(N5C(C(C=C(OC6=CC=C(C(C)(C)C7=CC=C(OC8=CC(C(N(C9=CC(C#C)=CC=C9)C%10=O)=O)=C%10C=C8)C=C7)C=C6)C=C%11)=C%11C5=O)=O)C=C4)=CC=C3)C=C2)C(C%12=C1C=C(OC%13=CC=C(C(C)(C)C%14=CC=C(OC%15=CC=C(C(N(C%16=CC=CC(C#C)=C%16)C%17=O)=O)C%17=C%15)C=C%14)C=C%13)C=C%12)=O,517.9
1.0,C#Cc1cccc(C#C[Si](C)(C)C#Cc2cccc(C#CB(C#Cc3cccc(C#C[Si](C)(C)C#Cc4cccc(C#C)c4)c3)C#Cc3cccc(C#C[Si](C)(C)C#Cc4cccc(C#C)c4)c3)c2)c1,0.0,C#Cc1cccc(C#C[Si](C)(C)C#Cc2cccc(C#CB(C#Cc3cccc(C#C[Si](C)(C)C#Cc4cccc(C#C)c4)c3)C#Cc3cccc(C#C[Si](C)(C)C#Cc4cccc(C#C)c4)c3)c2)c1,633.0
1.0,O=C1c2ccc(C#Cc3ccccc3)cc2C(=O)N1c1ccc(Oc2cccc(N3C(=O)c4cccc(-c5ccc6c(c5)C(=O)N(c5ccc(Oc7cccc(N8C(=O)c9ccc(C#Cc%10ccccc%10)cc9C8=O)c7)cc5)C6=O)c4C3=O)c2)cc1,0.0,O=C1c2ccc(C#Cc3ccccc3)cc2C(=O)N1c1ccc(Oc2cccc(N3C(=O)c4cccc(-c5ccc6c(c5)C(=O)N(c5ccc(Oc7cccc(N8C(=O)c9ccc(C#Cc%10ccccc%10)cc9C8=O)c7)cc5)C6=O)c4C3=O)c2)cc1,557.0
1.0,C#Cc1cccc(C#C[Si](C)(C)O[Si](O[Si](C)(C)C#Cc2cccc(C#C)c2)(c2ccccc2)c2ccccc2)c1,0.0,C#Cc1cccc(C#C[Si](C)(C)O[Si](O[Si](C)(C)C#Cc2cccc(C#C)c2)(c2ccccc2)c2ccccc2)c1,589.0
1.0,C#Cc1ccc([Si](O[Si](c2ccccc2)(c2ccccc2)c2ccc(C#Cc3ccc(C#Cc4ccc([Si](O[Si](c5ccccc5)(c5ccccc5)c5ccc(C#C)cc5)(c5ccccc5)c5ccccc5)cc4)cc3)cc2)(c2ccccc2)c2ccccc2)cc1,0.0,C#Cc1ccc([Si](O[Si](c2ccccc2)(c2ccccc2)c2ccc(C#Cc3ccc(C#Cc4ccc([Si](O[Si](c5ccccc5)(c5ccccc5)c5ccc(C#C)cc5)(c5ccccc5)c5ccccc5)cc4)cc3)cc2)(c2ccccc2)c2ccccc2)cc1,550.0
1.0,C#CCOc1ccc(Nc2nc(Nc3ccc(OCC#C)cc3)nc(Nc3ccc(OCC#C)cc3)n2)cc1,0.0,C#CCOc1ccc(Nc2nc(Nc3ccc(OCC#C)cc3)nc(Nc3ccc(OCC#C)cc3)n2)cc1,443.0
1.0,C#Cc1ccc(N[Si](Nc2ccc(C#C)cc2)(c2ccccc2)c2ccccc2)cc1,0.0,C#Cc1ccc(N[Si](Nc2ccc(C#C)cc2)(c2ccccc2)c2ccccc2)cc1,474.0
1.0,C#Cc1cccc(N2COc3ccccc3C2)c1,0.0,C#Cc1cccc(N2COc3ccccc3C2)c1,491.0
1.0,Cc1ccc2c(c1)CN(c1ccc(COC#CC#COCc3ccc(N4COc5ccc(C)cc5C4)cc3)cc1)CO2,0.0,Cc1ccc2c(c1)CN(c1ccc(COC#CC#COCc3ccc(N4COc5ccc(C)cc5C4)cc3)cc1)CO2,349.0
1.0,C#Cc1cccc(C#C[SiH](C)C#Cc2cccc(C#C)c2)c1,0.0,C#Cc1cccc(C#C[SiH](C)C#Cc2cccc(C#C)c2)c1,740.0
1.0,C#Cc1cccc(N2COc3ccc(Sc4ccc5c(c4)CN(c4cccc(C#C)c4)CO5)cc3C2)c1,0.0,C#Cc1cccc(N2COc3ccc(Sc4ccc5c(c4)CN(c4cccc(C#C)c4)CO5)cc3C2)c1,489.0
1.0,C#Cc1cccc(C#C[Si](C)(C)[Si](C)(C)C#Cc2cccc(C#C)c2)c1,0.0,C#Cc1cccc(C#C[Si](C)(C)[Si](C)(C)C#Cc2cccc(C#C)c2)c1,631.1
1.0,C#Cc1cccc(C#C[Si](C)(C)O[Si](C)(C)C#Cc2cccc(C#C)c2)c1,0.0,C#Cc1cccc(C#C[Si](C)(C)O[Si](C)(C)C#Cc2cccc(C#C)c2)c1,602.0
1.0,C#Cc1ccc(Oc2ccc(C#C)cc2)cc1,0.0,C#Cc1ccc(Oc2ccc(C#C)cc2)cc1,460.0
1.0,O=C1c2ccc(C#Cc3ccccc3)cc2C(=O)N1c1ccc(Oc2ccc(N3C(=O)c4ccc(-c5cccc6c5C(=O)N(c5ccc(Oc7ccc(N8C(=O)c9ccc(C#Cc%10ccccc%10)cc9C8=O)cc7)cc5)C6=O)cc4C3=O)cc2)cc1,0.0,O=C1c2ccc(C#Cc3ccccc3)cc2C(=O)N1c1ccc(Oc2ccc(N3C(=O)c4ccc(-c5cccc6c5C(=O)N(c5ccc(Oc7ccc(N8C(=O)c9ccc(C#Cc%10ccccc%10)cc9C8=O)cc7)cc5)C6=O)cc4C3=O)cc2)cc1,561.0
1.0,O=C1c2ccc(C#Cc3ccccc3)cc2C(=O)N1c1ccc(Oc2ccc(N3C(=O)c4ccc(C(c5ccc6c(c5)C(=O)N(c5ccc(Oc7ccc(N8C(=O)c9ccc(C#Cc%10ccccc%10)cc9C8=O)cc7)cc5)C6=O)(C(F)(F)F)C(F)(F)F)cc4C3=O)cc2)cc1,0.0,O=C1c2ccc(C#Cc3ccccc3)cc2C(=O)N1c1ccc(Oc2ccc(N3C(=O)c4ccc(C(c5ccc6c(c5)C(=O)N(c5ccc(Oc7ccc(N8C(=O)c9ccc(C#Cc%10ccccc%10)cc9C8=O)cc7)cc5)C6=O)(C(F)(F)F)C(F)(F)F)cc4C3=O)cc2)cc1,559.0
1.0,O=C1c2ccc(C#Cc3ccccc3)cc2C(=O)N1c1ccc(Oc2ccc(N3C(=O)c4cccc(-c5cccc6c5C(=O)N(c5ccc(Oc7ccc(N8C(=O)c9ccc(C#Cc%10ccccc%10)cc9C8=O)cc7)cc5)C6=O)c4C3=O)cc2)cc1,0.0,O=C1c2ccc(C#Cc3ccccc3)cc2C(=O)N1c1ccc(Oc2ccc(N3C(=O)c4cccc(-c5cccc6c5C(=O)N(c5ccc(Oc7ccc(N8C(=O)c9ccc(C#Cc%10ccccc%10)cc9C8=O)cc7)cc5)C6=O)c4C3=O)cc2)cc1,550.0
1.0,C#Cc1cccc(N2COc3ccc(C(C)(CC)c4ccc5c(c4)CN(c4cccc(C#C)c4)CO5)cc3C2)c1,0.0,C#Cc1cccc(N2COc3ccc(C(C)(CC)c4ccc5c(c4)CN(c4cccc(C#C)c4)CO5)cc3C2)c1,384.0
1.0,C#Cc1cccc(C#C[Si](C)(C)O[Si](C)(C)O[Si](C)(C)C#Cc2cccc(C#C)c2)c1,0.0,C#Cc1cccc(C#C[Si](C)(C)O[Si](C)(C)O[Si](C)(C)C#Cc2cccc(C#C)c2)c1,550.0
1.0,C#Cc1cccc(C#C[Si](C)(C#Cc2cccc(C#C)c2)C=C)c1,0.0,C#Cc1cccc(C#C[Si](C)(C#Cc2cccc(C#C)c2)C=C)c1,650.0
1.0,C#CC1=CC(C2=NC3=C(C=CC(C(C4=CC(N=C(C5=CC=CC(C#C)=C5)O6)=C6C=C4)(C)C)=C3)O2)=CC=C1,0.0,C#CC1=CC(C2=NC3=C(C=CC(C(C4=CC(N=C(C5=CC=CC(C#C)=C5)O6)=C6C=C4)(C)C)=C3)O2)=CC=C1,593.0
1.0,C#Cc1cccc(C#CB2N(CC=C)B(C#Cc3cccc(C#C)c3)N(CC=C)B(C#Cc3cccc(C#C)c3)N2CC=C)c1,0.0,C#Cc1cccc(C#CB2N(CC=C)B(C#Cc3cccc(C#C)c3)N(CC=C)B(C#Cc3cccc(C#C)c3)N2CC=C)c1,472.7
1.0,Nc1cccc(C#Cc2cccc(-n3c(=O)c4cc5c(=O)oc(=O)c5cc4c3=O)c2)c1,0.0,Nc1cccc(C#Cc2cccc(-n3c(=O)c4cc5c(=O)oc(=O)c5cc4c3=O)c2)c1,485.0
1.0,C#CC1=CC=CC(N2COC3=CC=C(P(=O)(C4=CC=CC=C4)C4=CC=C5OCN(C6=CC=CC(C#C)=C6)CC5=C4)C=C3C2)=C1,0.0,C#CC1=CC=CC(N2COC3=CC=C(P(=O)(C4=CC=CC=C4)C4=CC=C5OCN(C6=CC=CC(C#C)=C6)CC5=C4)C=C3C2)=C1,405.0
1.0,C#CCOc1ccc(C2(c3ccc(OCC#C)cc3)c3ccccc3-c3ccccc32)cc1,0.0,C#CCOc1ccc(C2(c3ccc(OCC#C)cc3)c3ccccc3-c3ccccc32)cc1,628.0
1.0,C#CCOc1ccc(C(C)(C)c2ccc(OCC#C)cc2)cc1,0.0,C#CCOc1ccc(C(C)(C)c2ccc(OCC#C)cc2)cc1,409.0
1.0,Cl[Si](C=C)(C)C#CC1=CC=C2C(NC3=CC(C#C[Si](C#CC4=CC=CC(C#C[Si](Cl)(C)C=C)=C4)(C)C=C)=CC=C32)=C1,0.0,Cl[Si](C=C)(C)C#CC1=CC=C2C(NC3=CC(C#C[Si](C#CC4=CC=CC(C#C[Si](Cl)(C)C=C)=C4)(C)C=C)=CC=C32)=C1,691.0
1.0,C#Cc1cccc(N2COc3ccc(N4C(=O)c5ccc(C(c6ccc7c(c6)C(=O)N(c6ccc8c(c6)CN(c6cccc(C#C)c6)CO8)C7=O)(C(F)(F)F)C(F)(F)F)cc5C4=O)cc3C2)c1,0.0,C#Cc1cccc(N2COc3ccc(N4C(=O)c5ccc(C(c6ccc7c(c6)C(=O)N(c6ccc8c(c6)CN(c6cccc(C#C)c6)CO8)C7=O)(C(F)(F)F)C(F)(F)F)cc5C4=O)cc3C2)c1,422.0
1.0,C#Cc1cccc(N2COc3ccc(-c4ccc5c(c4)CN(c4cccc(C#C)c4)CO5)cc3C2)c1,0.0,C#Cc1cccc(N2COc3ccc(-c4ccc5c(c4)CN(c4cccc(C#C)c4)CO5)cc3C2)c1,462.0
1.0,C#Cc1ccc([Si](O[Si](c2ccccc2)(c2ccccc2)c2ccc(C#C)cc2)(c2ccccc2)c2ccccc2)cc1,0.0,C#Cc1ccc([Si](O[Si](c2ccccc2)(c2ccccc2)c2ccc(C#C)cc2)(c2ccccc2)c2ccccc2)cc1,561.0
1.0,C#CCCOc1c(C)cccc1Cc1cccc(CC)c1O,0.0,C#CCCOc1c(C)cccc1Cc1cccc(CC)c1O,430.0
1.0,Nc1cccc(C#Cc2cccc(N3C(=O)c4ccc(-c5ccc6c(c5)C(=O)OC6=O)cc4C3=O)c2)c1,0.0,Nc1cccc(C#Cc2cccc(N3C(=O)c4ccc(-c5ccc6c(c5)C(=O)OC6=O)cc4C3=O)c2)c1,496.0
1.0,C#CC1=CC=CC(C2=NC3=C(C=C(N=C(C4=CC=CC(C#C)=C4)O5)C5=C3)O2)=C1,0.0,C#CC1=CC=CC(C2=NC3=C(C=C(N=C(C4=CC=CC(C#C)=C4)O5)C5=C3)O2)=C1,612.0
1.0,C#Cc1ccc(C(=C(c2ccccc2)c2ccc(C(=CC(F)(F)C(F)(F)C(F)(F)C(F)(F)/C=C(\c3ccc(C(=C(c4ccccc4)c4ccc(C#C)cc4)c4ccccc4)cc3)c3cc(OC)cc(OC)c3)c3cc(OC)cc(OC)c3)cc2)c2ccccc2)cc1,0.0,C#Cc1ccc(C(=C(c2ccccc2)c2ccc(C(=CC(F)(F)C(F)(F)C(F)(F)C(F)(F)/C=C(\c3ccc(C(=C(c4ccccc4)c4ccc(C#C)cc4)c4ccccc4)cc3)c3cc(OC)cc(OC)c3)c3cc(OC)cc(OC)c3)cc2)c2ccccc2)cc1,283.0
1.0,O=C1c2ccc(C#Cc3ccccc3)cc2C(=O)N1c1cccc(Oc2ccc(N3C(=O)c4ccc(Oc5cccc6c5C(=O)N(c5ccc(Oc7cccc(N8C(=O)c9ccc(C#Cc%10ccccc%10)cc9C8=O)c7)cc5)C6=O)cc4C3=O)cc2)c1,0.0,O=C1c2ccc(C#Cc3ccccc3)cc2C(=O)N1c1cccc(Oc2ccc(N3C(=O)c4ccc(Oc5cccc6c5C(=O)N(c5ccc(Oc7cccc(N8C(=O)c9ccc(C#Cc%10ccccc%10)cc9C8=O)c7)cc5)C6=O)cc4C3=O)cc2)c1,551.0
1.0,C[Si](C)(C#Cc1ccccc1)C#Cc1cccc(C#C[Si](C)(C)C#Cc2ccccc2)c1,0.0,C[Si](C)(C#Cc1ccccc1)C#Cc1cccc(C#C[Si](C)(C)C#Cc2ccccc2)c1,532.0
1.0,C#Cc1cccc(C#C[Si](C)(C#Cc2cccc(C#C)c2)C#Cc2cccc(C#C)c2)c1,0.0,C#Cc1cccc(C#C[Si](C)(C#Cc2cccc(C#C)c2)C#Cc2cccc(C#C)c2)c1,575.0
1.0,C#Cc1ccc(N[Si](Nc2ccc(C#Cc3cccc(C#Cc4ccc(N[Si](Nc5ccc(C#C)cc5)(c5ccccc5)c5ccccc5)cc4)c3)cc2)(c2ccccc2)c2ccccc2)cc1,0.0,C#Cc1ccc(N[Si](Nc2ccc(C#Cc3cccc(C#Cc4ccc(N[Si](Nc5ccc(C#C)cc5)(c5ccccc5)c5ccccc5)cc4)c3)cc2)(c2ccccc2)c2ccccc2)cc1,420.0
1.0,C#Cc1cccc(C#C[Si](C#Cc2cccc(C#C)c2)(C#Cc2cccc(C#C)c2)C#Cc2cccc(C=C)c2)c1,0.0,C#Cc1cccc(C#C[Si](C#Cc2cccc(C#C)c2)(C#Cc2cccc(C#C)c2)C#Cc2cccc(C=C)c2)c1,654.0
1.0,C#Cc1cccc(N2C(=O)c3ccc(Oc4ccc(C(C)(C)c5ccc(Oc6ccc7c(c6)C(=O)N(c6cccc(-c8cn(Cc9ccc(-c%10ccc(Cn%11cc(-c%12cccc(N%13C(=O)c%14ccc(Oc%15ccc(C(C)(C)c%16ccc(Oc%17ccc%18c(c%17)C(=O)N(c%17cccc(C#C)c%17)C%18=O)cc%16)cc%15)cc%14C%13=O)c%12)nn%11)cc%10)cc9)nn8)c6)C7=O)cc5)cc4)cc3C2=O)c1,0.0,C#Cc1cccc(N2C(=O)c3ccc(Oc4ccc(C(C)(C)c5ccc(Oc6ccc7c(c6)C(=O)N(c6cccc(-c8cn(Cc9ccc(-c%10ccc(Cn%11cc(-c%12cccc(N%13C(=O)c%14ccc(Oc%15ccc(C(C)(C)c%16ccc(Oc%17ccc%18c(c%17)C(=O)N(c%17cccc(C#C)c%17)C%18=O)cc%16)cc%15)cc%14C%13=O)c%12)nn%11)cc%10)cc9)nn8)c6)C7=O)cc5)cc4)cc3C2=O)c1,377.0
1.0,O=C1c2ccc(C#Cc3ccccc3)cc2C(=O)N1c1cccc(Oc2cccc(Oc3cccc(N4C(=O)c5ccc(Oc6cccc7c6C(=O)N(c6cccc(Oc8cccc(Oc9cccc(N%10C(=O)c%11ccc(C#Cc%12ccccc%12)cc%11C%10=O)c9)c8)c6)C7=O)cc5C4=O)c3)c2)c1,0.0,O=C1c2ccc(C#Cc3ccccc3)cc2C(=O)N1c1cccc(Oc2cccc(Oc3cccc(N4C(=O)c5ccc(Oc6cccc7c6C(=O)N(c6cccc(Oc8cccc(Oc9cccc(N%10C(=O)c%11ccc(C#Cc%12ccccc%12)cc%11C%10=O)c9)c8)c6)C7=O)cc5C4=O)c3)c2)c1,541.0
1.0,C#Cc1cccc(N[SiH](C)C#Cc2cccc(C#C[SiH](C)Nc3cccc(C#C)c3)c2)c1,0.0,C#Cc1cccc(N[SiH](C)C#Cc2cccc(C#C[SiH](C)Nc3cccc(C#C)c3)c2)c1,611.0
1.0,O=C1c2ccc(Oc3ccc4c(c3)C(=O)N(c3ccc(Oc5cccc(N6C(=O)c7ccc(Oc8ccc9c(c8)C(=O)N(c8ccc(C#Cc%10ccccc%10)cc8)C9=O)cc7C6=O)c5)cc3)C4=O)cc2C(=O)N1c1ccc(C#Cc2ccccc2)cc1,0.0,O=C1c2ccc(Oc3ccc4c(c3)C(=O)N(c3ccc(Oc5cccc(N6C(=O)c7ccc(Oc8ccc9c(c8)C(=O)N(c8ccc(C#Cc%10ccccc%10)cc8)C9=O)cc7C6=O)c5)cc3)C4=O)cc2C(=O)N1c1ccc(C#Cc2ccccc2)cc1,525.0
1.0,C#Cc1cc(C#C)cc(C#C[SiH](C)C#Cc2cc(C#C[SiH](C)C#Cc3cc(C#C)cc(C#C)c3)cc(C#C[SiH](C)C#Cc3cc(C#C)cc(C#C)c3)c2)c1,0.0,C#Cc1cc(C#C)cc(C#C[SiH](C)C#Cc2cc(C#C[SiH](C)C#Cc3cc(C#C)cc(C#C)c3)cc(C#C[SiH](C)C#Cc3cc(C#C)cc(C#C)c3)c2)c1,714.0
1.0,C#Cc1ccc(C(=C(c2ccccc2)c2ccc(C(=CC(F)(F)C(F)(F)C(F)(F)C(F)(F)C(F)(F)C(F)(F)/C=C(\c3ccc(C(=C(c4ccccc4)c4ccc(C#C)cc4)c4ccccc4)cc3)c3cc(OC)cc(OC)c3)c3cc(OC)cc(OC)c3)cc2)c2ccccc2)cc1,0.0,C#Cc1ccc(C(=C(c2ccccc2)c2ccc(C(=CC(F)(F)C(F)(F)C(F)(F)C(F)(F)C(F)(F)C(F)(F)/C=C(\c3ccc(C(=C(c4ccccc4)c4ccc(C#C)cc4)c4ccccc4)cc3)c3cc(OC)cc(OC)c3)c3cc(OC)cc(OC)c3)cc2)c2ccccc2)cc1,315.0
1.0,O=C1c2ccc(C#Cc3cccc(C(F)(F)F)c3)cc2C(=O)N1c1ccc(Oc2cccc(N3C(=O)c4cccc(-c5ccc6c(c5)C(=O)N(c5ccc(Oc7cccc(N8C(=O)c9ccc(C#Cc%10cccc(C(F)(F)F)c%10)cc9C8=O)c7)cc5)C6=O)c4C3=O)c2)cc1,0.0,O=C1c2ccc(C#Cc3cccc(C(F)(F)F)c3)cc2C(=O)N1c1ccc(Oc2cccc(N3C(=O)c4cccc(-c5ccc6c(c5)C(=O)N(c5ccc(Oc7cccc(N8C(=O)c9ccc(C#Cc%10cccc(C(F)(F)F)c%10)cc9C8=O)c7)cc5)C6=O)c4C3=O)c2)cc1,573.0
1.0,C#Cc1cccc(N2COc3ccc(Oc4ccc5c(c4)CN(c4cccc(C#C)c4)CO5)cc3C2)c1,0.0,C#Cc1cccc(N2COc3ccc(Oc4ccc5c(c4)CN(c4cccc(C#C)c4)CO5)cc3C2)c1,415.0
1.0,O=C1c2ccc(C#Cc3ccccc3)cc2C(=O)N1c1ccc(C2(c3ccc(N4C(=O)c5cccc(-c6cccc7c6C(=O)N(c6ccc(C8(c9ccc(N%10C(=O)c%11ccc(C#Cc%12ccccc%12)cc%11C%10=O)cc9)c9ccccc9-c9ccccc98)cc6)C7=O)c5C4=O)cc3)c3ccccc3-c3ccccc32)cc1,0.0,O=C1c2ccc(C#Cc3ccccc3)cc2C(=O)N1c1ccc(C2(c3ccc(N4C(=O)c5cccc(-c6cccc7c6C(=O)N(c6ccc(C8(c9ccc(N%10C(=O)c%11ccc(C#Cc%12ccccc%12)cc%11C%10=O)cc9)c9ccccc9-c9ccccc98)cc6)C7=O)c5C4=O)cc3)c3ccccc3-c3ccccc32)cc1,567.0
1.0,C#CC1=CC=CC(N2C(C(C=CC(OC3=CC=C(C(C)(C)C4=CC=C(OC5=CC=C(C(N(C6=CC(C(NCCC[Si](OCC)(OCC)OCC)=O)=CC(N7C(C(C=CC(OC8=CC=C(C(C)(C)C9=CC=C(OC%10=CC=C(C(N(CCC[Si](C)(O[Si](C)(CCCN%11C(C(C=CC(OC%12=CC=C(C(C)(C)C%13=CC=C(OC%14=CC=C(C(N(C%15=CC(C#C)=CC=C%15)C%16=O)=O)C%16=C%14)C=C%13)C=C%12)=C%17)=C%17C%11=O)=O)C)C)C%18=O)=O)C%18=C%10)C=C9)C=C8)=C%19)=C%19C7=O)=O)=C6)C%20=O)=O)C%20=C5)C=C4)C=C3)=C%21)=C%21C2=O)=O)=C1,0.0,C#CC1=CC=CC(N2C(C(C=CC(OC3=CC=C(C(C)(C)C4=CC=C(OC5=CC=C(C(N(C6=CC(C(NCCC[Si](OCC)(OCC)OCC)=O)=CC(N7C(C(C=CC(OC8=CC=C(C(C)(C)C9=CC=C(OC%10=CC=C(C(N(CCC[Si](C)(O[Si](C)(CCCN%11C(C(C=CC(OC%12=CC=C(C(C)(C)C%13=CC=C(OC%14=CC=C(C(N(C%15=CC(C#C)=CC=C%15)C%16=O)=O)C%16=C%14)C=C%13)C=C%12)=C%17)=C%17C%11=O)=O)C)C)C%18=O)=O)C%18=C%10)C=C9)C=C8)=C%19)=C%19C7=O)=O)=C6)C%20=O)=O)C%20=C5)C=C4)C=C3)=C%21)=C%21C2=O)=O)=C1,454.0
1.0,C#Cc1cccc(C#C[SiH](C)C#Cc2cccc(C#C)c2)c1,0.0,C#Cc1cccc(C#C[SiH](C)C#Cc2cccc(C#C)c2)c1,684.8
0.0,C#Cc1cccc(C#C[Si](C)(C#Cc2cccc(C#C)c2)C=C)c1,1.0,C#CC1=CC=CC(N2C(C(C=CC(OC3=CC=CC(C(N4C5=CC=C(OC6=CC(OC7=CC=C(N8C(C(C(OC9=CC=C(C(N(C%10=CC=CC(C#C)=C%10)C%11=O)=O)C%11=C9)=CC=C%12)=C%12C8=O)=O)C=C7)=CC=C6)C=C5)=O)=C3C4=O)=C%13)=C%13C2=O)=O)=C1,535.7
1.0,C#Cc1cccc(C#C[SiH](C)C#Cc2cccc(C#C[Si](C)(C)O[Si](C)(C)C#Cc3cccc(C#C[SiH](C)C#Cc4cccc(C#C)c4)c3)c2)c1,0.0,C#Cc1cccc(C#C[SiH](C)C#Cc2cccc(C#C[Si](C)(C)O[Si](C)(C)C#Cc3cccc(C#C[SiH](C)C#Cc4cccc(C#C)c4)c3)c2)c1,670.0
1.0,C#CCOC1=CC=C(N2COC3=C4C=CC5=C(OCN(C6=CC=C(OCC#C)C=C6)C5)C4=CC=C3C2)C=C1,0.0,C#CCOC1=CC=C(N2COC3=C4C=CC5=C(OCN(C6=CC=C(OCC#C)C=C6)C5)C4=CC=C3C2)C=C1,379.0
1.0,C(#Cc1ccc(Oc2ccc(C#Cc3ccccc3)cc2)cc1)c1ccccc1,0.0,C(#Cc1ccc(Oc2ccc(C#Cc3ccccc3)cc2)cc1)c1ccccc1,535.0
1.0,C[Si](C)(Oc1ccc(N2C(=O)c3ccc(C#Cc4ccccc4)cc3C2=O)cc1)Oc1ccc(N2C(=O)c3ccc(-c4cccc5c4C(=O)N(c4ccc(O[Si](C)(C)Oc6ccc(N7C(=O)c8ccc(C#Cc9ccccc9)cc8C7=O)cc6)cc4)C5=O)cc3C2=O)cc1,0.0,C[Si](C)(Oc1ccc(N2C(=O)c3ccc(C#Cc4ccccc4)cc3C2=O)cc1)Oc1ccc(N2C(=O)c3ccc(-c4cccc5c4C(=O)N(c4ccc(O[Si](C)(C)Oc6ccc(N7C(=O)c8ccc(C#Cc9ccccc9)cc8C7=O)cc6)cc4)C5=O)cc3C2=O)cc1,582.6
1.0,C#Cc1cccc(N2COc3ccc(S(=O)(=O)c4ccc5c(c4)CN(c4cccc(C#C)c4)CO5)cc3C2)c1,0.0,C#Cc1cccc(N2COc3ccc(S(=O)(=O)c4ccc5c(c4)CN(c4cccc(C#C)c4)CO5)cc3C2)c1,440.0
1.0,O=C1c2ccc(C#Cc3ccccc3)cc2C(=O)N1c1cccc(Oc2ccc(N3C(=O)c4ccc(Oc5cccc6c5C(=O)N(c5ccc(Oc7cccc(N8C(=O)c9ccc(C#Cc%10ccccc%10)cc9C8=O)c7)cc5)C6=O)cc4C3=O)cc2)c1,0.0,O=C1c2ccc(C#Cc3ccccc3)cc2C(=O)N1c1cccc(Oc2ccc(N3C(=O)c4ccc(Oc5cccc6c5C(=O)N(c5ccc(Oc7cccc(N8C(=O)c9ccc(C#Cc%10ccccc%10)cc9C8=O)c7)cc5)C6=O)cc4C3=O)cc2)c1,564.0
1.0,C#Cc1cccc(N2COc3ccc(Sc4ccc5c(c4)CN(c4cccc(C#C)c4)CO5)cc3C2)c1,0.0,C#Cc1cccc(N2COc3ccc(Sc4ccc5c(c4)CN(c4cccc(C#C)c4)CO5)cc3C2)c1,489.0
0.7,C#Cc1cccc(C#C[Si](C)(C#Cc2cccc(C#C)c2)C=C)c1,0.3,O=C1N(C2=CC(OC3=CC=C(N4C(C(C=CC(OC5=CC=CC(C(N6C7=CC(OC8=CC=C(N9C(C(C=CC(OC%10=CC=CC(C(N%11C%12=CC(C#C)=CC=C%12)=O)=C%10C%11=O)=C%13)=C%13C9=O)=O)C=C8)=CC=C7)=O)=C5C6=O)=C%14)=C%14C4=O)=O)C=C3)=CC=C2)C(C%15=CC=C(OC%16=CC=CC%17=C%16C(N(C%18=CC=CC(C#C)=C%18)C%17=O)=O)C=C%151)=O,573.0
1.0,C#CC1=CC=C(OC2=CC=C(C3=NN=C(C4=CC=C(OC5=CC=C(C#C[Si](C)(C#CC6=CC=C(OC7=CC=C(C8=NN=C(C9=CC=C(OC%10=CC=C(C#C)C=C%10)C=C9)O8)C=C7)C=C6)C)C=C5)C=C4)O3)C=C2)C=C1,0.0,C#CC1=CC=C(OC2=CC=C(C3=NN=C(C4=CC=C(OC5=CC=C(C#C[Si](C)(C#CC6=CC=C(OC7=CC=C(C8=NN=C(C9=CC=C(OC%10=CC=C(C#C)C=C%10)C=C9)O8)C=C7)C=C6)C)C=C5)C=C4)O3)C=C2)C=C1,458.0
1.0,O=C(c1ccc(-c2cccc(N3C(=O)c4ccc(C#Cc5ccccc5)cc4C3=O)c2)cc1)c1cc(C(=O)c2ccc(-c3cccc(N4C(=O)c5ccc(C#Cc6ccccc6)cc5C4=O)c3)cc2)cc(C(=O)c2ccc(-c3cccc(N4C(=O)c5ccc(C#Cc6ccccc6)cc5C4=O)c3)cc2)c1,0.0,O=C(c1ccc(-c2cccc(N3C(=O)c4ccc(C#Cc5ccccc5)cc4C3=O)c2)cc1)c1cc(C(=O)c2ccc(-c3cccc(N4C(=O)c5ccc(C#Cc6ccccc6)cc5C4=O)c3)cc2)cc(C(=O)c2ccc(-c3cccc(N4C(=O)c5ccc(C#Cc6ccccc6)cc5C4=O)c3)cc2)c1,535.0
1.0,C6=CC(C#C)=CC(N5COC4=CC=C(C(C1=CC3=C(C=C1)OCN(C2=CC=CC(C#C)=C2)C3)(C)C)C=C4C5)=C6,0.0,C6=CC(C#C)=CC(N5COC4=CC=C(C(C1=CC3=C(C=C1)OCN(C2=CC=CC(C#C)=C2)C3)(C)C)C=C4C5)=C6,369.0
1.0,O=C1c2ccc(C#Cc3ccccc3)cc2C(=O)N1c1cccc(Oc2cccc(Oc3cccc(N4C(=O)c5ccc(-c6ccc7c(c6)C(=O)N(c6cccc(Oc8cccc(Oc9cccc(N%10C(=O)c%11ccc(-c%12ccc%13c(c%12)C(=O)N(c%12nc(N%14C(=O)c%15ccc(C#Cc%16ccccc%16)cc%15C%14=O)cc(N%14C(=O)c%15ccc(C#Cc%16ccccc%16)cc%15C%14=O)n%12)C%13=O)cc%11C%10=O)c9)c8)c6)C7=O)cc5C4=O)c3)c2)c1,0.0,O=C1c2ccc(C#Cc3ccccc3)cc2C(=O)N1c1cccc(Oc2cccc(Oc3cccc(N4C(=O)c5ccc(-c6ccc7c(c6)C(=O)N(c6cccc(Oc8cccc(Oc9cccc(N%10C(=O)c%11ccc(-c%12ccc%13c(c%12)C(=O)N(c%12nc(N%14C(=O)c%15ccc(C#Cc%16ccccc%16)cc%15C%14=O)cc(N%14C(=O)c%15ccc(C#Cc%16ccccc%16)cc%15C%14=O)n%12)C%13=O)cc%11C%10=O)c9)c8)c6)C7=O)cc5C4=O)c3)c2)c1,519.0
1.0,C#Cc1cccc(N2COc3ccc(Oc4ccc5c(c4)CN(c4cccc(C#C)c4)CO5)cc3C2)c1,0.0,C#Cc1cccc(N2COc3ccc(Oc4ccc5c(c4)CN(c4cccc(C#C)c4)CO5)cc3C2)c1,415.0
1.0,C#Cc1cccc(C#C[SiH2]C)c1,0.0,C#Cc1cccc(C#C[SiH2]C)c1,703.0
1.0,C#Cc1cccc(C#C[Si](C)(C)C#Cc2cccc(C#C)c2)c1,0.0,C#Cc1cccc(C#C[Si](C)(C)C#Cc2cccc(C#C)c2)c1,583.0
1.0,C#Cc1cccc(C#C[Si](C)(C)C#Cc2cccc(C#C)c2)c1,0.0,C#Cc1cccc(C#C[Si](C)(C)C#Cc2cccc(C#C)c2)c1,492.0
1.0,C#Cc1cccc(N2COc3ccc(C(C)(C)c4ccc5c(c4)CN(c4cccc(C#C)c4)CO5)cc3C2)c1,0.0,C#Cc1cccc(N2COc3ccc(C(C)(C)c4ccc5c(c4)CN(c4cccc(C#C)c4)CO5)cc3C2)c1,631.0
1.0,C#C[SiH](C)C#C[Si](C#C[SiH](C)C#C)(c1ccccc1)c1ccccc1,0.0,C#C[SiH](C)C#C[Si](C#C[SiH](C)C#C)(c1ccccc1)c1ccccc1,526.0
1.0,CC#CCOc1ccc(C(=O)OCCCCCCCCCCCOc2ccc(N=Nc3ccc(OCCCCCCCCCCCOC(=O)c4ccc(OCC#CC)cc4)cc3)cc2)cc1,0.0,CC#CCOc1ccc(C(=O)OCCCCCCCCCCCOc2ccc(N=Nc3ccc(OCCCCCCCCCCCOC(=O)c4ccc(OCC#CC)cc4)cc3)cc2)cc1,287.0
1.0,O=C1OC(=Nc2cccc(Oc3ccc(/N=C4/OC(=O)c5c4cccc5-c4ccc5c(c4)/C(=N/c4cccc(Oc6ccc(/N=C7\OC(=O)c8ccc(C#Cc9ccccc9)cc87)cc6)c4)OC5=O)cc3)c2)c2cc(C#Cc3ccccc3)ccc21,0.0,O=C1OC(=Nc2cccc(Oc3ccc(/N=C4/OC(=O)c5c4cccc5-c4ccc5c(c4)/C(=N/c4cccc(Oc6ccc(/N=C7\OC(=O)c8ccc(C#Cc9ccccc9)cc87)cc6)c4)OC5=O)cc3)c2)c2cc(C#Cc3ccccc3)ccc21,580.0
1.0,O=C(Oc1ccc(N2C(=O)c3ccc(C#Cc4ccccc4)cc3C2=O)cc1)c1ccc(OC(=O)c2ccc3cc(OC(=O)c4ccc(N5C(=O)c6ccc(C#Cc7ccccc7)cc6C5=O)cc4)ccc3c2)cc1,0.0,O=C(Oc1ccc(N2C(=O)c3ccc(C#Cc4ccccc4)cc3C2=O)cc1)c1ccc(OC(=O)c2ccc3cc(OC(=O)c4ccc(N5C(=O)c6ccc(C#Cc7ccccc7)cc6C5=O)cc4)ccc3c2)cc1,503.0
0.9,C#Cc1cccc(C#C[Si](C)(C#Cc2cccc(C#C)c2)C=C)c1,0.1,O=C1N(C2=CC(OC3=CC=C(N4C(C(C=CC(OC5=CC=CC(C(N6C7=CC(OC8=CC=C(N9C(C(C=CC(OC%10=CC=CC(C(N%11C%12=CC(C#C)=CC=C%12)=O)=C%10C%11=O)=C%13)=C%13C9=O)=O)C=C8)=CC=C7)=O)=C5C6=O)=C%14)=C%14C4=O)=O)C=C3)=CC=C2)C(C%15=CC=C(OC%16=CC=CC%17=C%16C(N(C%18=CC=CC(C#C)=C%18)C%17=O)=O)C=C%151)=O,593.0
1.0,C#C[Si](C#C[Si](C#C[Si](C#C)(c1ccccc1)c1ccccc1)(c1ccccc1)c1ccccc1)(c1ccccc1)c1ccccc1,0.0,C#C[Si](C#C[Si](C#C[Si](C#C)(c1ccccc1)c1ccccc1)(c1ccccc1)c1ccccc1)(c1ccccc1)c1ccccc1,483.0
1.0,C[Si](C)(C#Cc1ccccc1)C#Cc1ccc(Oc2ccc(C#C[Si](C)(C)C#Cc3ccccc3)cc2)cc1,0.0,C[Si](C)(C#Cc1ccccc1)C#Cc1ccc(Oc2ccc(C#C[Si](C)(C)C#Cc3ccccc3)cc2)cc1,603.0
0.9,C#Cc1cccc(C#C[Si](C)(C#Cc2cccc(C#C)c2)C=C)c1,0.1,C#CC1=CC=CC(N2C(C(C=CC(OC3=CC=CC(C(N4C5=CC(OC6=CC(OC7=CC(N8C(C(C(OC9=CC=C(C(N(C%10=CC=CC(C#C)=C%10)C%11=O)=O)C%11=C9)=CC=C%12)=C%12C8=O)=O)=CC=C7)=CC=C6)=CC=C5)=O)=C3C4=O)=C%13)=C%13C2=O)=O)=C1,606.9
1.0,C#CC1=CC=C(C2=NC3=C(C=CC(C(C4=CC(N=C(C5=CC=C(C=C5)C#C)O6)=C6C=C4)(C)C)=C3)O2)C=C1,0.0,C#CC1=CC=C(C2=NC3=C(C=CC(C(C4=CC(N=C(C5=CC=C(C=C5)C#C)O6)=C6C=C4)(C)C)=C3)O2)C=C1,596.0
1.0,C#Cc1cccc(C#C[Si](C)(C)C#Cc2cccc(C#C)c2)c1,0.0,C#Cc1cccc(C#C[Si](C)(C)C#Cc2cccc(C#C)c2)c1,627.0
1.0,C#Cc1ccc(Oc2ccc(-c3nnc(-c4ccc(Oc5ccc(C#C[Si](C)(C#Cc6ccc(Oc7ccc(-c8nnc(-c9ccc(Oc%10ccc(C#C)cc%10)cc9)o8)cc7)cc6)c6ccccc6)cc5)cc4)o3)cc2)cc1,0.0,C#Cc1ccc(Oc2ccc(-c3nnc(-c4ccc(Oc5ccc(C#C[Si](C)(C#Cc6ccc(Oc7ccc(-c8nnc(-c9ccc(Oc%10ccc(C#C)cc%10)cc9)o8)cc7)cc6)c6ccccc6)cc5)cc4)o3)cc2)cc1,487.0
1.0,O=C1c2ccc(C#Cc3ccccc3)cc2C(=O)N1c1ccc(Oc2ccc(-n3c(=O)c4cc5c(=O)n(-c6ccc(Oc7ccc(N8C(=O)c9ccc(C#Cc%10ccccc%10)cc9C8=O)cc7-c7ccccc7)cc6)c(=O)c5cc4c3=O)cc2-c2ccccc2)cc1,0.0,O=C1c2ccc(C#Cc3ccccc3)cc2C(=O)N1c1ccc(Oc2ccc(-n3c(=O)c4cc5c(=O)n(-c6ccc(Oc7ccc(N8C(=O)c9ccc(C#Cc%10ccccc%10)cc9C8=O)cc7-c7ccccc7)cc6)c(=O)c5cc4c3=O)cc2-c2ccccc2)cc1,543.0
1.0,C#CCOc1ccc(N2COc3ccc(C(=O)c4ccc5c(c4)CN(c4ccc(OCC#C)cc4)CO5)cc3C2)cc1,0.0,C#CCOc1ccc(N2COc3ccc(C(=O)c4ccc5c(c4)CN(c4ccc(OCC#C)cc4)CO5)cc3C2)cc1,401.0
1.0,O=C1c2ccc(C#Cc3ccccc3)cc2C(=O)N1c1ccc(-c2ccc(N3C(=O)c4ccc(Oc5ccc(Oc6ccc7c(c6)C(=O)N(c6ccc(-c8ccc(N9C(=O)c%10ccc(C#Cc%11ccccc%11)cc%10C9=O)cc8C(F)(F)F)c(C(F)(F)F)c6)C7=O)cc5)cc4C3=O)cc2C(F)(F)F)c(C(F)(F)F)c1,0.0,O=C1c2ccc(C#Cc3ccccc3)cc2C(=O)N1c1ccc(-c2ccc(N3C(=O)c4ccc(Oc5ccc(Oc6ccc7c(c6)C(=O)N(c6ccc(-c8ccc(N9C(=O)c%10ccc(C#Cc%11ccccc%11)cc%10C9=O)cc8C(F)(F)F)c(C(F)(F)F)c6)C7=O)cc5)cc4C3=O)cc2C(F)(F)F)c(C(F)(F)F)c1,548.0
1.0,C#Cc1cccc(N=C2OC(=O)c3c2cccc3-c2ccc3c(c2)C(=O)O/C3=N\c2cccc(Oc3ccc(N=C4OC(=O)c5c4cccc5-c4ccc5c(c4)C(=O)O/C5=N/c4cccc(C#C)c4)cc3)c2)c1,0.0,C#Cc1cccc(N=C2OC(=O)c3c2cccc3-c2ccc3c(c2)C(=O)O/C3=N\c2cccc(Oc3ccc(N=C4OC(=O)c5c4cccc5-c4ccc5c(c4)C(=O)O/C5=N/c4cccc(C#C)c4)cc3)c2)c1,518.2
1.0,C#Cc1ccc(C(=C(c2ccccc2)c2ccc(C(=Cc3ccc(/C=C(\c4ccc(C(=C(c5ccccc5)c5ccc(C#C)cc5)c5ccccc5)cc4)c4cc(OC)cc(OC)c4)cc3)c3cc(OC)cc(OC)c3)cc2)c2ccccc2)cc1,0.0,C#Cc1ccc(C(=C(c2ccccc2)c2ccc(C(=Cc3ccc(/C=C(\c4ccc(C(=C(c5ccccc5)c5ccc(C#C)cc5)c5ccccc5)cc4)c4cc(OC)cc(OC)c4)cc3)c3cc(OC)cc(OC)c3)cc2)c2ccccc2)cc1,364.0
0.95,C#Cc1cccc(C#C[Si](C)(C#Cc2cccc(C#C)c2)C=C)c1,0.05,C#CC1=CC=CC(N2C(C(C=CC(OC3=CC=CC(C(N4C5=CC=C(OC6=CC(OC7=CC=C(N8C(C(C(OC9=CC=C(C(N(C%10=CC=CC(C#C)=C%10)C%11=O)=O)C%11=C9)=CC=C%12)=C%12C8=O)=O)C=C7)=CC=C6)C=C5)=O)=C3C4=O)=C%13)=C%13C2=O)=O)=C1,623.4
1.0,O=C(c1ccc2c(c1)C(=O)N(c1ccc(Oc3ccc(Oc4ccc(N5C(=O)c6cccc7c(C#Cc8ccccc8)ccc(c67)C5=O)cc4)cc3-c3ccccc3)cc1)C2=O)c1ccc2c(c1)C(=O)N(c1ccc(Oc3ccc(Oc4ccc(N5C(=O)c6cccc7c(C#Cc8ccccc8)ccc(c67)C5=O)cc4)cc3-c3ccccc3)cc1)C2=O,0.0,O=C(c1ccc2c(c1)C(=O)N(c1ccc(Oc3ccc(Oc4ccc(N5C(=O)c6cccc7c(C#Cc8ccccc8)ccc(c67)C5=O)cc4)cc3-c3ccccc3)cc1)C2=O)c1ccc2c(c1)C(=O)N(c1ccc(Oc3ccc(Oc4ccc(N5C(=O)c6cccc7c(C#Cc8ccccc8)ccc(c67)C5=O)cc4)cc3-c3ccccc3)cc1)C2=O,549.0
1.0,Cl[SiH](C1=CC=CC=C1)C#CC2=CC=C3C(NC4=CC(C#C[SiH](C#CC5=CC=CC(C#C)=C5)C6=CC=CC=C6)=CC=C43)=C2,0.0,Cl[SiH](C1=CC=CC=C1)C#CC2=CC=C3C(NC4=CC(C#C[SiH](C#CC5=CC=CC(C#C)=C5)C6=CC=CC=C6)=CC=C43)=C2,776.0
1.0,C#Cc1ccc(C(=C(c2ccccc2)c2ccc(C(=CC(F)(F)C(F)(F)C(F)(F)C(F)(F)/C=C(/c3ccc(C(=O)OCC)cc3)c3ccc(C(=C(c4ccccc4)c4ccc(C#C)cc4)c4ccccc4)cc3)c3ccc(C(=O)OCC)cc3)cc2)c2ccccc2)cc1,0.0,C#Cc1ccc(C(=C(c2ccccc2)c2ccc(C(=CC(F)(F)C(F)(F)C(F)(F)C(F)(F)/C=C(/c3ccc(C(=O)OCC)cc3)c3ccc(C(=C(c4ccccc4)c4ccc(C#C)cc4)c4ccccc4)cc3)c3ccc(C(=O)OCC)cc3)cc2)c2ccccc2)cc1,306.0
1.0,C#CCOc1ccc(C(C)(C)c2ccc(OCC#C)cc2)cc1,0.0,C#CCOc1ccc(C(C)(C)c2ccc(OCC#C)cc2)cc1,565.0
1.0,C#Cc1ccc(N[Si](Nc2ccc(C#Cc3ccc(C#Cc4ccc(N[Si](Nc5ccc(C#C)cc5)(c5ccccc5)c5ccccc5)cc4)cc3)cc2)(c2ccccc2)c2ccccc2)cc1,0.0,C#Cc1ccc(N[Si](Nc2ccc(C#Cc3ccc(C#Cc4ccc(N[Si](Nc5ccc(C#C)cc5)(c5ccccc5)c5ccccc5)cc4)cc3)cc2)(c2ccccc2)c2ccccc2)cc1,394.0
1.0,C#Cc1ccc(N2COc3c(ccc4c5c(ccc34)CN(c3ccc(C#C)cc3)CO5)C2)cc1,0.0,C#Cc1ccc(N2COc3c(ccc4c5c(ccc34)CN(c3ccc(C#C)cc3)CO5)C2)cc1,409.0
